smiles,mol_wt,logp,tpsa
CC(C)S(=O)(=O)c1ccc(-c2cc(-c3c(N(C)C)cccc3N(C)C)c3cnn(C4=NN=CC4)c3n2)cc1,529.6700000000003,4.715500000000004,96.05000000000001
CC(C)S(=O)(=O)c1ccc(-c2cc(-c3c(N(C)C)cccc3N(C)C)nc3c2cnn3C2=NN=CC2)cc1,529.6700000000003,4.715500000000004,96.05000000000001
CC(C)S(=O)(=O)c1ccc(-c2cc(-c3c(N(C)C)cccc3N3CCOC[C@H]3C)c3cnn(C4=NN=CC4)c3n2)cc1,585.7340000000002,4.8746000000000045,105.28000000000002
CC(C)S(=O)(=O)c1ccc(-c2cc(-c3c(N(C)C)cccc3N3CCOC[C@H]3C)nc3c2cnn3C2=NN=CC2)cc1,585.7340000000002,4.8746000000000045,105.28
CC(C)S(=O)(=O)c1ccc(-c2cc(C3([S@](C)(=N)=O)CC3)nc3c2cnn3C2=NN=CC2)cc1,484.60700000000026,3.5821700000000023,130.49
CC(C)S(=O)(=O)c1ccc(-c2cc([C@]3(O)C[C@H]4CC[C@@H](C3)O4)nc3c2cnn3C2=NN=CC2)cc1,493.5890000000003,3.4455000000000027,119.03
CC(C)S(=O)(=O)c1ccc(-c2cccc(N(C)C)c2-c2cc(N(C)C)c3cnn(C4=NN=CC4)c3n2)cc1,529.6700000000003,4.715500000000004,96.05000000000001
CC(C)S(=O)(=O)c1ccc(-c2cccc(N(C)C)c2-c2cc(N(C)C)nc3c2cnn3C2=NN=CC2)cc1,529.6700000000003,4.715500000000004,96.05000000000001
CC(C)S(=O)(=O)c1ccc(-c2cccc(N(C)C)c2-c2cc(N3CCOC[C@H]3C)c3cnn(C4=NN=CC4)c3n2)cc1,585.7340000000003,4.8746000000000045,105.28000000000002
CC(C)S(=O)(=O)c1ccc(-c2cccc(N(C)C)c2-c2cc(N3CCOC[C@H]3C)nc3c2cnn3C2=NN=CC2)cc1,585.7340000000003,4.8746000000000045,105.28
CC(C)S(=O)(=O)c1ccc(-c2cccc(N3CCOC[C@H]3C)c2-c2cc(N(C)C)c3cnn(C4=NN=CC4)c3n2)cc1,585.7340000000003,4.8746000000000045,105.28
CC(C)S(=O)(=O)c1ccc(-c2cccc(N3CCOC[C@H]3C)c2-c2cc(N(C)C)nc3c2cnn3C2=NN=CC2)cc1,585.7340000000003,4.8746000000000045,105.28
CC(C)S(=O)(=O)c1ccc(CNc2cc([C@]3(O)C[C@H]4CC[C@@H](C3)O4)nc3c2cnn3C2=NN=CC2)cc1,522.6310000000004,3.390600000000002,131.06
CC(C)S(=O)(=O)c1ccc(COc2cc(C3([S@](C)(=N)=O)CC3)nc3c2cnn3C2=NN=CC2)cc1,514.6330000000003,3.494170000000002,139.72
CC(C)S(=O)(=O)c1ccc(Nc2cc([C@]3(O)C[C@H]4CC[C@@H](C3)O4)nc3c2cnn3C2=NN=CC2)cc1,508.6040000000003,3.522100000000002,131.06
CC(C)S(=O)(=O)c1ccc(OCc2cc(C3([S@](C)(=N)=O)CC3)nc3c2cnn3C2=NN=CC2)cc1,514.6330000000003,3.494170000000002,139.72
CC(C)S(=O)(=O)c1ccc(Oc2cc(C3([S@](C)(=N)=O)CC3)nc3c2cnn3C2=NN=CC2)cc1,500.6060000000003,3.7074700000000025,139.72
CN(C)Cc1cc(-c2cc(C3([S@](C)(=N)=O)CC3)nc3c2cnn3C2=NN=CC2)[nH]n1,425.5220000000001,2.18477,128.26999999999998
CN(C)Cc1cc(-c2cc(C3([S@](C)(=N)=O)CC3)nc3c2cnn3C2=NN=CC2)n[nH]1,425.5220000000001,2.18477,128.27
CN(C)Cc1cc(-c2cc(C3([S@](C)(=N)=O)CC3)nc3c2cnn3C2=NN=CC2)no1,426.50600000000014,2.4496700000000002,125.62
CN(C)Cc1cc(-c2cc(C3([S@](C)(=N)=O)CC3)nc3c2cnn3C2=NN=CC2)on1,426.50600000000014,2.4496700000000002,125.62
CN(C)Cc1cc(-c2cc(N(C)C)c3cnn(C4=NN=CC4)c3n2)nc2c1cnn2C1=NN=CC1,468.5290000000002,2.2428,117.34
CN(C)Cc1cc(-c2cc([C@]3(O)C[C@H]4CC[C@@H](C3)O4)nc3c2cnn3C2=NN=CC2)[nH]n1,434.5040000000001,2.0481,116.81000000000002
CN(C)Cc1cc(-c2cc([C@]3(O)C[C@H]4CC[C@@H](C3)O4)nc3c2cnn3C2=NN=CC2)n[nH]1,434.5040000000001,2.0481,116.81
CN(C)Cc1cc(-c2cc([C@]3(O)C[C@H]4CC[C@@H](C3)O4)nc3c2cnn3C2=NN=CC2)no1,435.4880000000001,2.3129999999999997,114.16000000000001
CN(C)Cc1cc(-c2cc([C@]3(O)C[C@H]4CC[C@@H](C3)O4)nc3c2cnn3C2=NN=CC2)on1,435.4880000000001,2.3129999999999997,114.16000000000001
CN(C)Cc1cc(C2([S@](C)(=N)=O)CC2)nc2c1cnn2C1=NN=CC1,359.45900000000006,1.79467,99.59
CN(C)Cc1ccc(-c2cc(C3([S@](C)(=N)=O)CC3)nc3c2cnn3C2=NN=CC2)cc1,435.5570000000002,3.4616700000000016,99.59
CN(C)Cc1ccc(-c2cc([C@]3(O)C[C@H]4CC[C@@H](C3)O4)nc3c2cnn3C2=NN=CC2)cc1,444.53900000000016,3.325000000000002,88.13000000000001
CN(C)Cc1cnc(N)c(-c2cc([C@]3(O)C[C@H]4CC[C@@H](C3)O4)nc3c2cnn3C2=NN=CC2)n1,461.53000000000026,1.6972000000000003,139.93
CN(C)Cc1nc(-c2cc([C@]3(O)C[C@H]4CC[C@@H](C3)O4)nc3c2cnn3C2=NN=CC2)cnc1N,461.53000000000014,1.6971999999999996,139.93
CN(C)c1c(-c2cc(C3([S@](C)(=N)=O)CC3)nc3c2cnn3C2=NN=CC2)cccc1[C@]1(O)C[C@H]2CC[C@@H](C1)O2,547.6850000000003,3.995070000000003,129.05
CN(C)c1c(-c2cc([C@]3(O)C[C@H]4CC[C@@H](C3)O4)nc3c2cnn3C2=NN=CC2)cccc1C1([S@](C)(=N)=O)CC1,547.6850000000001,3.995070000000003,129.05
CN(C)c1c(-c2cc([C@]3(O)C[C@H]4CC[C@@H](C3)O4)nc3c2cnn3C2=NN=CC2)cccc1[C@]1(O)C[C@H]2CC[C@@H](C1)O2,556.6670000000003,3.858400000000003,117.59000000000002
CN(C)c1c(-c2cnc(C#N)cn2)cccc1-c1cc([C@]2(O)C[C@H]3CC[C@@H](C2)O3)nc2c1cnn2C1=NN=CC1,533.5960000000003,3.6580800000000018,137.70000000000002
CN(C)c1c(-c2cncc3[nH]ccc23)cccc1-c1cc([C@]2(O)C[C@H]3CC[C@@H](C2)O3)nc2c1cnn2C1=NN=CC1,546.6350000000002,4.872700000000004,116.81
CN(C)c1cc(-c2c(-c3cnc(C#N)cn3)cccc2-c2cncc3[nH]ccc23)c2cnn(C3=NN=CC3)c2n1,523.5640000000002,4.672380000000004,136.92000000000002
CN(C)c1cc(-c2c(-c3cnc(C#N)cn3)cccc2-c2cncc3[nH]ccc23)nc2c1cnn2C1=NN=CC1,523.5640000000002,4.672380000000004,136.92000000000002
CN(C)c1cc(-c2c(-c3cnc(C#N)cn3)cccc2N(C)C)c2cnn(C3=NN=CC3)c2n1,450.5100000000002,3.195080000000001,111.48
CN(C)c1cc(-c2c(-c3cnc(C#N)cn3)cccc2[C@]2(O)C[C@H]3CC[C@@H](C2)O3)c2cnn(C3=NN=CC3)c2n1,533.5960000000003,3.6580800000000018,137.7
CN(C)c1cc(-c2c(-c3cnc(C#N)cn3)cccc2[C@]2(O)C[C@H]3CC[C@@H](C2)O3)nc2c1cnn2C1=NN=CC1,533.5960000000003,3.6580800000000018,137.70000000000002
CN(C)c1cc(-c2c(-c3cncc4[nH]ccc34)cccc2N(C)C)c2cnn(C3=NN=CC3)c2n1,463.54900000000026,4.409700000000003,90.59
CN(C)c1cc(-c2c(-c3cncc4[nH]ccc34)cccc2[C@]2(O)C[C@H]3CC[C@@H](C2)O3)c2cnn(C3=NN=CC3)c2n1,546.6350000000002,4.872700000000004,116.81000000000002
CN(C)c1cc(-c2c(-c3cncc4[nH]ccc34)cccc2[C@]2(O)C[C@H]3CC[C@@H](C2)O3)nc2c1cnn2C1=NN=CC1,546.6350000000003,4.872700000000004,116.81
CN(C)c1cc(-c2c(C3([S@](C)(=N)=O)CC3)cccc2[C@]2(O)C[C@H]3CC[C@@H](C2)O3)c2cnn(C3=NN=CC3)c2n1,547.6850000000002,3.9950700000000037,129.05
CN(C)c1cc(-c2c(C3([S@](C)(=N)=O)CC3)cccc2[C@]2(O)C[C@H]3CC[C@@H](C2)O3)nc2c1cnn2C1=NN=CC1,547.6850000000002,3.9950700000000037,129.05
CN(C)c1cc(-c2c(N(C)C)cccc2C2([S@](C)(=N)=O)CC2)c2cnn(C3=NN=CC3)c2n1,464.5990000000003,3.532070000000002,102.83
CN(C)c1cc(-c2c(N(C)C)cccc2N(C)C)c2cnn(C3=NN=CC3)c2n1,390.4950000000001,2.9324000000000012,65.15
CN(C)c1cc(-c2c(N(C)C)cccc2[C@]2(O)C[C@H]3CC[C@@H](C2)O3)c2cnn(C3=NN=CC3)c2n1,473.5810000000003,3.395400000000002,91.37
CN(C)c1cc(-c2c([C@]3(O)C[C@H]4CC[C@@H](C3)O4)cccc2[C@]2(O)C[C@H]3CC[C@@H](C2)O3)c2cnn(C3=NN=CC3)c2n1,556.6670000000001,3.858400000000003,117.59000000000002
CN(C)c1cc(-c2c([C@]3(O)C[C@H]4CC[C@@H](C3)O4)cccc2[C@]2(O)C[C@H]3CC[C@@H](C2)O3)nc2c1cnn2C1=NN=CC1,556.6670000000001,3.858400000000003,117.59
CN(C)c1cc(-c2cc(C3([S@](C)(=N)=O)CC3)nc3c2cnn3C2=NN=CC2)[nH]n1,411.49500000000006,2.18917,128.26999999999998
CN(C)c1cc(-c2cc(C3([S@](C)(=N)=O)CC3)nc3c2cnn3C2=NN=CC2)n[nH]1,411.49500000000006,2.18917,128.27
CN(C)c1cc(-c2cc(C3([S@](C)(=N)=O)CC3)nc3c2cnn3C2=NN=CC2)nc(N(C)C)n1,466.57500000000016,2.32207,128.61
CN(C)c1cc(-c2cc(C3([S@](C)(=N)=O)CC3)nc3c2cnn3C2=NN=CC2)no1,412.4790000000001,2.4540700000000006,125.62
CN(C)c1cc(-c2cc(C3([S@](C)(=N)=O)CC3)nc3c2cnn3C2=NN=CC2)on1,412.4790000000001,2.4540700000000006,125.62
CN(C)c1cc(-c2cc(N(C)C)c3cnn(C4=NN=CC4)c3n2)nc2c1cnn2C1=NN=CC1,454.5020000000002,2.2472000000000003,117.34
CN(C)c1cc(-c2cc([C@]3(O)C[C@H]4CC[C@@H](C3)O4)nc3c2cnn3C2=NN=CC2)[nH]n1,420.47700000000003,2.0524999999999998,116.81000000000002
CN(C)c1cc(-c2cc([C@]3(O)C[C@H]4CC[C@@H](C3)O4)nc3c2cnn3C2=NN=CC2)n[nH]1,420.47700000000003,2.0524999999999998,116.81
CN(C)c1cc(-c2cc([C@]3(O)C[C@H]4CC[C@@H](C3)O4)nc3c2cnn3C2=NN=CC2)no1,421.46100000000007,2.3174,114.16000000000001
CN(C)c1cc(-c2cc([C@]3(O)C[C@H]4CC[C@@H](C3)O4)nc3c2cnn3C2=NN=CC2)on1,421.46100000000007,2.3174,114.16000000000001
CN(C)c1cc(-c2ccc(-c3cc(C4([S@](C)(=N)=O)CC4)nc4c3cnn4C3=NN=CC3)cc2)[nH]n1,487.59300000000025,3.8561700000000014,128.26999999999998
CN(C)c1cc(-c2ccc(-c3cc(C4([S@](C)(=N)=O)CC4)nc4c3cnn4C3=NN=CC3)cc2)n[nH]1,487.59300000000025,3.8561700000000014,128.27
CN(C)c1cc(-c2ccc(-c3cc(C4([S@](C)(=N)=O)CC4)nc4c3cnn4C3=NN=CC3)cc2)no1,488.5770000000003,4.121070000000003,125.62
CN(C)c1cc(-c2ccc(-c3cc(C4([S@](C)(=N)=O)CC4)nc4c3cnn4C3=NN=CC3)cc2)on1,488.5770000000003,4.121070000000003,125.62
CN(C)c1cc(-c2ccc(-c3cc([C@]4(O)C[C@H]5CC[C@@H](C4)O5)nc4c3cnn4C3=NN=CC3)cc2)[nH]n1,496.57500000000016,3.719500000000002,116.81000000000002
CN(C)c1cc(-c2ccc(-c3cc([C@]4(O)C[C@H]5CC[C@@H](C4)O5)nc4c3cnn4C3=NN=CC3)cc2)n[nH]1,496.57500000000016,3.719500000000002,116.81
CN(C)c1cc(-c2ccc(-c3cc([C@]4(O)C[C@H]5CC[C@@H](C4)O5)nc4c3cnn4C3=NN=CC3)cc2)no1,497.5590000000002,3.9844000000000026,114.16000000000001
CN(C)c1cc(-c2ccc(-c3cc([C@]4(O)C[C@H]5CC[C@@H](C4)O5)nc4c3cnn4C3=NN=CC3)cc2)on1,497.5590000000002,3.9844000000000026,114.16000000000001
CN(C)c1cc(C2([S@](C)(=N)=O)CC2)nc2c1cnn2C1=NN=CC1,345.432,1.79907,99.59
CN(C)c1cc(N(C)C)nc(-c2cc(C3([S@](C)(=N)=O)CC3)nc3c2cnn3C2=NN=CC2)n1,466.5750000000002,2.32207,128.61
CN(C)c1cc(Nc2cc(C3([S@](C)(=N)=O)CC3)nc3c2cnn3C2=NN=CC2)no1,427.49400000000014,2.5306700000000006,137.65
CN(C)c1cc(Nc2cc(C3([S@](C)(=N)=O)CC3)nc3c2cnn3C2=NN=CC2)on1,427.49400000000014,2.5306700000000006,137.65
CN(C)c1cc(Nc2cc([C@]3(O)C[C@H]4CC[C@@H](C3)O4)nc3c2cnn3C2=NN=CC2)[nH]n1,435.4920000000001,2.1290999999999998,128.83999999999997
CN(C)c1cc(Nc2cc([C@]3(O)C[C@H]4CC[C@@H](C3)O4)nc3c2cnn3C2=NN=CC2)n[nH]1,435.4920000000001,2.1290999999999998,128.84
CN(C)c1cc(Nc2cc([C@]3(O)C[C@H]4CC[C@@H](C3)O4)nc3c2cnn3C2=NN=CC2)no1,436.4760000000001,2.394,126.19
CN(C)c1cc(Nc2cc([C@]3(O)C[C@H]4CC[C@@H](C3)O4)nc3c2cnn3C2=NN=CC2)on1,436.4760000000001,2.394,126.19
CN(C)c1cc(Oc2cc(C3([S@](C)(=N)=O)CC3)nc3c2cnn3C2=NN=CC2)[nH]n1,427.4940000000001,2.31447,137.5
CN(C)c1cc(Oc2cc(C3([S@](C)(=N)=O)CC3)nc3c2cnn3C2=NN=CC2)n[nH]1,427.4940000000001,2.31447,137.5
CN(C)c1cc(Oc2cc(C3([S@](C)(=N)=O)CC3)nc3c2cnn3C2=NN=CC2)no1,428.4780000000001,2.579370000000001,134.85
CN(C)c1cc(Oc2cc(C3([S@](C)(=N)=O)CC3)nc3c2cnn3C2=NN=CC2)on1,428.4780000000001,2.579370000000001,134.85
CN(C)c1cc([C@]2(O)C[C@H]3CC[C@@H](C2)O3)nc2c1cnn2C1=NN=CC1,354.41400000000004,1.6623999999999999,88.13000000000001
CN(C)c1ccc(-c2cc(-c3cc(C4([S@](C)(=N)=O)CC4)nc4c3cnn4C3=NN=CC3)[nH]n2)cc1,487.59300000000025,3.8561700000000023,128.26999999999998
CN(C)c1ccc(-c2cc(-c3cc(C4([S@](C)(=N)=O)CC4)nc4c3cnn4C3=NN=CC3)n[nH]2)cc1,487.59300000000025,3.8561700000000023,128.27
CN(C)c1ccc(-c2cc(-c3cc(C4([S@](C)(=N)=O)CC4)nc4c3cnn4C3=NN=CC3)no2)cc1,488.5770000000003,4.121070000000003,125.62
CN(C)c1ccc(-c2cc(-c3cc(C4([S@](C)(=N)=O)CC4)nc4c3cnn4C3=NN=CC3)on2)cc1,488.5770000000003,4.121070000000003,125.62
CN(C)c1ccc(-c2cc(-c3cc(N(C)C)c4cnn(C5=NN=CC5)c4n3)nc3c2cnn3C2=NN=CC2)cc1,530.6000000000003,3.914200000000003,117.34
CN(C)c1ccc(-c2cc(-c3cc([C@]4(O)C[C@H]5CC[C@@H](C4)O5)nc4c3cnn4C3=NN=CC3)[nH]n2)cc1,496.57500000000016,3.719500000000002,116.81000000000002
CN(C)c1ccc(-c2cc(-c3cc([C@]4(O)C[C@H]5CC[C@@H](C4)O5)nc4c3cnn4C3=NN=CC3)n[nH]2)cc1,496.57500000000016,3.719500000000002,116.81
CN(C)c1ccc(-c2cc(-c3cc([C@]4(O)C[C@H]5CC[C@@H](C4)O5)nc4c3cnn4C3=NN=CC3)no2)cc1,497.5590000000002,3.9844000000000026,114.16000000000001
CN(C)c1ccc(-c2cc(-c3cc([C@]4(O)C[C@H]5CC[C@@H](C4)O5)nc4c3cnn4C3=NN=CC3)on2)cc1,497.5590000000002,3.9844000000000026,114.16000000000001
CN(C)c1ccc(-c2cc(C3([S@](C)(=N)=O)CC3)nc3c2cnn3C2=NN=CC2)cc1,421.5300000000001,3.466070000000002,99.59
CN(C)c1ccc(-c2cc([C@]3(O)C[C@H]4CC[C@@H](C3)O4)nc3c2cnn3C2=NN=CC2)cc1,430.5120000000001,3.3294000000000024,88.13000000000001
CN(C)c1ccc(-c2ccc(-c3cc(C4([S@](C)(=N)=O)CC4)nc4c3cnn4C3=NN=CC3)cc2)cc1,497.62800000000027,5.1330700000000045,99.59
CN(C)c1ccc(-c2ccc(-c3cc([C@]4(O)C[C@H]5CC[C@@H](C4)O5)nc4c3cnn4C3=NN=CC3)cc2)cc1,506.61000000000024,4.996400000000004,88.13000000000001
CN(C)c1ccc(-c2cnc(N)c(-c3cc([C@]4(O)C[C@H]5CC[C@@H](C4)O5)nc4c3cnn4C3=NN=CC3)n2)cc1,523.6010000000002,3.3686000000000016,139.93
CN(C)c1ccc(-c2nc(-c3cc([C@]4(O)C[C@H]5CC[C@@H](C4)O5)nc4c3cnn4C3=NN=CC3)cnc2N)cc1,523.6010000000002,3.3686000000000007,139.93
CN(C)c1ccc(Oc2cc(C3([S@](C)(=N)=O)CC3)nc3c2cnn3C2=NN=CC2)cc1,437.52900000000017,3.591370000000002,108.82
CN(C)c1cccc(-c2cc(C3([S@](C)(=N)=O)CC3)nc3c2cnn3C2=NN=CC2)c1N(C)C,464.5990000000002,3.5320700000000027,102.83
CN(C)c1cccc(-c2cc(C3([S@](C)(=N)=O)CC3)nc3c2cnn3C2=NN=CC2)c1[C@]1(O)C[C@H]2CC[C@@H](C1)O2,547.6850000000003,3.995070000000003,129.05
CN(C)c1cccc(-c2cc([C@]3(O)C[C@H]4CC[C@@H](C3)O4)nc3c2cnn3C2=NN=CC2)c1-c1cnc(C#N)cn1,533.5960000000002,3.6580800000000027,137.7
CN(C)c1cccc(-c2cc([C@]3(O)C[C@H]4CC[C@@H](C3)O4)nc3c2cnn3C2=NN=CC2)c1-c1cncc2[nH]ccc12,546.6350000000002,4.872700000000004,116.81
CN(C)c1cccc(-c2cc([C@]3(O)C[C@H]4CC[C@@H](C3)O4)nc3c2cnn3C2=NN=CC2)c1C1([S@](C)(=N)=O)CC1,547.6850000000001,3.995070000000003,129.05
CN(C)c1cccc(-c2cc([C@]3(O)C[C@H]4CC[C@@H](C3)O4)nc3c2cnn3C2=NN=CC2)c1N(C)C,473.5810000000002,3.395400000000002,91.37
CN(C)c1cccc(-c2cc([C@]3(O)C[C@H]4CC[C@@H](C3)O4)nc3c2cnn3C2=NN=CC2)c1[C@]1(O)C[C@H]2CC[C@@H](C1)O2,556.6670000000003,3.858400000000003,117.59000000000002
CN(C)c1cccc(-c2cnc(C#N)cn2)c1-c1cc(-c2cncc3[nH]ccc23)c2cnn(C3=NN=CC3)c2n1,523.5640000000002,4.672380000000004,136.92000000000002
CN(C)c1cccc(-c2cnc(C#N)cn2)c1-c1cc(-c2cncc3[nH]ccc23)nc2c1cnn2C1=NN=CC1,523.5640000000002,4.672380000000004,136.92000000000002
CN(C)c1cccc(-c2cnc(C#N)cn2)c1-c1cc(N(C)C)c2cnn(C3=NN=CC3)c2n1,450.5100000000002,3.195080000000001,111.48
CN(C)c1cccc(-c2cnc(C#N)cn2)c1-c1cc([C@]2(O)C[C@H]3CC[C@@H](C2)O3)c2cnn(C3=NN=CC3)c2n1,533.5960000000003,3.6580800000000018,137.7
CN(C)c1cccc(-c2cnc(C#N)cn2)c1-c1cc([C@]2(O)C[C@H]3CC[C@@H](C2)O3)nc2c1cnn2C1=NN=CC1,533.5960000000003,3.6580800000000018,137.70000000000002
CN(C)c1cccc(-c2cncc3[nH]ccc23)c1-c1cc(-c2cnc(C#N)cn2)c2cnn(C3=NN=CC3)c2n1,523.5640000000002,4.672380000000005,136.92000000000002
CN(C)c1cccc(-c2cncc3[nH]ccc23)c1-c1cc(-c2cnc(C#N)cn2)nc2c1cnn2C1=NN=CC1,523.5640000000002,4.672380000000005,136.92
CN(C)c1cccc(-c2cncc3[nH]ccc23)c1-c1cc(N(C)C)c2cnn(C3=NN=CC3)c2n1,463.5490000000002,4.4097000000000035,90.59
CN(C)c1cccc(-c2cncc3[nH]ccc23)c1-c1cc([C@]2(O)C[C@H]3CC[C@@H](C2)O3)c2cnn(C3=NN=CC3)c2n1,546.6350000000002,4.8727000000000045,116.81000000000002
CN(C)c1cccc(-c2cncc3[nH]ccc23)c1-c1cc([C@]2(O)C[C@H]3CC[C@@H](C2)O3)nc2c1cnn2C1=NN=CC1,546.6350000000002,4.8727000000000045,116.81
CN(C)c1cccc(C2([S@](C)(=N)=O)CC2)c1-c1cc(N(C)C)c2cnn(C3=NN=CC3)c2n1,464.59900000000016,3.5320700000000027,102.83
CN(C)c1cccc(C2([S@](C)(=N)=O)CC2)c1-c1cc([C@]2(O)C[C@H]3CC[C@@H](C2)O3)c2cnn(C3=NN=CC3)c2n1,547.6850000000002,3.9950700000000037,129.05
CN(C)c1cccc(C2([S@](C)(=N)=O)CC2)c1-c1cc([C@]2(O)C[C@H]3CC[C@@H](C2)O3)nc2c1cnn2C1=NN=CC1,547.6850000000002,3.9950700000000037,129.05
CN(C)c1cccc(N(C)C)c1-c1cc(-c2cnc(C#N)cn2)c2cnn(C3=NN=CC3)c2n1,450.51000000000016,3.195080000000001,111.48
CN(C)c1cccc(N(C)C)c1-c1cc(-c2cnc(C#N)cn2)nc2c1cnn2C1=NN=CC1,450.51000000000016,3.195080000000001,111.47999999999999
CN(C)c1cccc(N(C)C)c1-c1cc(-c2cncc3[nH]ccc23)c2cnn(C3=NN=CC3)c2n1,463.54900000000015,4.4097000000000035,90.59
CN(C)c1cccc(N(C)C)c1-c1cc(-c2cncc3[nH]ccc23)nc2c1cnn2C1=NN=CC1,463.54900000000015,4.4097000000000035,90.59
CN(C)c1cccc(N(C)C)c1-c1cc(C2([S@](C)(=N)=O)CC2)c2cnn(C3=NN=CC3)c2n1,464.5990000000002,3.532070000000002,102.83
CN(C)c1cccc(N(C)C)c1-c1cc(C2([S@](C)(=N)=O)CC2)nc2c1cnn2C1=NN=CC1,464.5990000000002,3.532070000000002,102.83000000000001
CN(C)c1cccc(N(C)C)c1-c1cc(N(C)C)c2cnn(C3=NN=CC3)c2n1,390.4950000000001,2.9324000000000012,65.15
CN(C)c1cccc(N(C)C)c1-c1cc([C@]2(O)C[C@H]3CC[C@@H](C2)O3)c2cnn(C3=NN=CC3)c2n1,473.58100000000024,3.395400000000002,91.37
CN(C)c1cccc(N(C)C)c1-c1cc([C@]2(O)C[C@H]3CC[C@@H](C2)O3)nc2c1cnn2C1=NN=CC1,473.58100000000024,3.395400000000002,91.37
CN(C)c1cccc([C@]2(O)C[C@H]3CC[C@@H](C2)O3)c1-c1cc(-c2cnc(C#N)cn2)c2cnn(C3=NN=CC3)c2n1,533.5960000000001,3.6580800000000018,137.7
CN(C)c1cccc([C@]2(O)C[C@H]3CC[C@@H](C2)O3)c1-c1cc(-c2cnc(C#N)cn2)nc2c1cnn2C1=NN=CC1,533.5960000000001,3.6580800000000018,137.7
CN(C)c1cccc([C@]2(O)C[C@H]3CC[C@@H](C2)O3)c1-c1cc(-c2cncc3[nH]ccc23)c2cnn(C3=NN=CC3)c2n1,546.635,4.872700000000004,116.81000000000002
CN(C)c1cccc([C@]2(O)C[C@H]3CC[C@@H](C2)O3)c1-c1cc(-c2cncc3[nH]ccc23)nc2c1cnn2C1=NN=CC1,546.6350000000001,4.872700000000004,116.81
CN(C)c1cccc([C@]2(O)C[C@H]3CC[C@@H](C2)O3)c1-c1cc(C2([S@](C)(=N)=O)CC2)c2cnn(C3=NN=CC3)c2n1,547.6850000000001,3.995070000000003,129.05
CN(C)c1cccc([C@]2(O)C[C@H]3CC[C@@H](C2)O3)c1-c1cc(C2([S@](C)(=N)=O)CC2)nc2c1cnn2C1=NN=CC1,547.6850000000002,3.995070000000003,129.05
CN(C)c1cccc([C@]2(O)C[C@H]3CC[C@@H](C2)O3)c1-c1cc(N(C)C)c2cnn(C3=NN=CC3)c2n1,473.5810000000002,3.395400000000002,91.37
CN(C)c1cccc([C@]2(O)C[C@H]3CC[C@@H](C2)O3)c1-c1cc([C@]2(O)C[C@H]3CC[C@@H](C2)O3)c2cnn(C3=NN=CC3)c2n1,556.6670000000001,3.858400000000003,117.59000000000002
CN(C)c1cccc([C@]2(O)C[C@H]3CC[C@@H](C2)O3)c1-c1cc([C@]2(O)C[C@H]3CC[C@@H](C2)O3)nc2c1cnn2C1=NN=CC1,556.6670000000001,3.858400000000003,117.59
CN(C)c1cnc(N)c(-c2cc([C@]3(O)C[C@H]4CC[C@@H](C3)O4)nc3c2cnn3C2=NN=CC2)n1,447.50300000000016,1.7016,139.93
CN(C)c1cnc(N)c(-c2ccc(-c3cc([C@]4(O)C[C@H]5CC[C@@H](C4)O5)nc4c3cnn4C3=NN=CC3)cc2)n1,523.6010000000002,3.3686000000000025,139.93
CN(C)c1nc(-c2cc([C@]3(O)C[C@H]4CC[C@@H](C3)O4)nc3c2cnn3C2=NN=CC2)cnc1N,447.50300000000016,1.7015999999999996,139.93
CN(C)c1nc(-c2ccc(-c3cc([C@]4(O)C[C@H]5CC[C@@H](C4)O5)nc4c3cnn4C3=NN=CC3)cc2)cnc1N,523.6010000000001,3.3686000000000007,139.93
CNC[C@@H](C)Nc1cc(C2([S@](C)(=N)=O)CC2)nc2c1cnn2C1=NN=CC1,388.5010000000001,1.7528699999999995,120.41
CNC[C@@H](C)Nc1cc([C@]2(O)C[C@H]3CC[C@@H](C2)O3)nc2c1cnn2C1=NN=CC1,397.48300000000006,1.6161999999999999,108.94999999999999
CNC[C@@H](C)Oc1cc(C2([S@](C)(=N)=O)CC2)nc2c1cnn2C1=NN=CC1,389.4850000000001,1.7197699999999998,117.60999999999999
CNCc1cc(-c2cc(C3([S@](C)(=N)=O)CC3)nc3c2cnn3C2=NN=CC2)[nH]n1,411.49500000000006,1.8425699999999996,137.06
CNCc1cc(-c2cc(C3([S@](C)(=N)=O)CC3)nc3c2cnn3C2=NN=CC2)n[nH]1,411.49500000000006,1.8425699999999996,137.06
CNCc1cc(-c2cc(C3([S@](C)(=N)=O)CC3)nc3c2cnn3C2=NN=CC2)no1,412.4790000000001,2.1074699999999997,134.41
CNCc1cc(-c2cc(C3([S@](C)(=N)=O)CC3)nc3c2cnn3C2=NN=CC2)on1,412.4790000000001,2.1074699999999997,134.41
CNCc1cc(-c2cc(N(C)C)c3cnn(C4=NN=CC4)c3n2)nc2c1cnn2C1=NN=CC1,454.5020000000002,1.9005999999999998,126.13
CNCc1cc(-c2cc(NC)c3cnn(C4=NN=CC4)c3n2)nc2c1cnn2C1=NN=CC1,440.4750000000002,1.8762999999999996,134.92
CNCc1cc(-c2cc(OC)c3cnn(C4=NN=CC4)c3n2)nc2c1cnn2C1=NN=CC1,441.4590000000002,1.8431999999999997,132.12
CNCc1cc(-c2cc([C@]3(O)C[C@H]4CC[C@@H](C3)O4)nc3c2cnn3C2=NN=CC2)[nH]n1,420.47700000000003,1.7058999999999995,125.59999999999998
CNCc1cc(-c2cc([C@]3(O)C[C@H]4CC[C@@H](C3)O4)nc3c2cnn3C2=NN=CC2)n[nH]1,420.47700000000003,1.7058999999999995,125.6
CNCc1cc(-c2cc([C@]3(O)C[C@H]4CC[C@@H](C3)O4)nc3c2cnn3C2=NN=CC2)no1,421.46100000000007,1.9707999999999997,122.94999999999999
CNCc1cc(-c2cc([C@]3(O)C[C@H]4CC[C@@H](C3)O4)nc3c2cnn3C2=NN=CC2)on1,421.46100000000007,1.9707999999999997,122.94999999999999
CNCc1cc(C2([S@](C)(=N)=O)CC2)nc2c1cnn2C1=NN=CC1,345.432,1.4524699999999997,108.38
CNCc1ccc(-c2cc(C3([S@](C)(=N)=O)CC3)nc3c2cnn3C2=NN=CC2)cc1,421.5300000000001,3.1194700000000015,108.38
CNCc1ccc(-c2cc([C@]3(O)C[C@H]4CC[C@@H](C3)O4)nc3c2cnn3C2=NN=CC2)cc1,430.5120000000001,2.982800000000001,96.91999999999999
CN[C@H](C)CNc1cc(C2([S@](C)(=N)=O)CC2)nc2c1cnn2C1=NN=CC1,388.5010000000001,1.7528699999999995,120.41
CN[C@H](C)CNc1cc([C@]2(O)C[C@H]3CC[C@@H](C2)O3)nc2c1cnn2C1=NN=CC1,397.48300000000006,1.6161999999999999,108.94999999999999
CN[C@H](C)COc1cc(C2([S@](C)(=N)=O)CC2)nc2c1cnn2C1=NN=CC1,389.4850000000001,1.7197699999999998,117.60999999999999
CNc1c(-c2cc(C3([S@](C)(=N)=O)CC3)nc3c2cnn3C2=NN=CC2)cccc1N(C)C,450.5720000000001,3.5077700000000025,111.61999999999999
CNc1c(-c2cc(C3([S@](C)(=N)=O)CC3)nc3c2cnn3C2=NN=CC2)cccc1N1CCOC[C@H]1C,506.63600000000025,3.666870000000003,120.85
CNc1c(-c2cc(C3([S@](C)(=N)=O)CC3)nc3c2cnn3C2=NN=CC2)cccc1[C@]1(O)C[C@H]2CC[C@@H](C1)O2,533.6580000000002,3.9707700000000035,137.83999999999997
CNc1c(-c2cc([C@]3(O)C[C@H]4CC[C@@H](C3)O4)nc3c2cnn3C2=NN=CC2)cccc1C1([S@](C)(=N)=O)CC1,533.658,3.9707700000000026,137.83999999999997
CNc1c(-c2cc([C@]3(O)C[C@H]4CC[C@@H](C3)O4)nc3c2cnn3C2=NN=CC2)cccc1N(C)C,459.55400000000014,3.371100000000002,100.15999999999998
CNc1c(-c2cc([C@]3(O)C[C@H]4CC[C@@H](C3)O4)nc3c2cnn3C2=NN=CC2)cccc1N1CCOC[C@H]1C,515.6180000000003,3.5302000000000024,109.38999999999999
CNc1c(-c2cc([C@]3(O)C[C@H]4CC[C@@H](C3)O4)nc3c2cnn3C2=NN=CC2)cccc1[C@]1(O)C[C@H]2CC[C@@H](C1)O2,542.6400000000002,3.834100000000003,126.38
CNc1c(-c2cncc3[nH]ccc23)cccc1-c1cc(C2([S@](C)(=N)=O)CC2)nc2c1cnn2C1=NN=CC1,523.6260000000002,4.985070000000004,137.06
CNc1c(-c2cncc3[nH]ccc23)cccc1-c1cc([C@]2(O)C[C@H]3CC[C@@H](C2)O3)nc2c1cnn2C1=NN=CC1,532.6080000000003,4.848400000000004,125.6
CNc1c(OC)cccc1-c1cc(C2([S@](C)(=N)=O)CC2)nc2c1cnn2C1=NN=CC1,437.5290000000002,3.450370000000002,117.60999999999999
CNc1c(OC)cccc1-c1cc([C@]2(O)C[C@H]3CC[C@@H](C2)O3)nc2c1cnn2C1=NN=CC1,446.5110000000002,3.3137000000000016,106.15
CNc1cc(-c2c(-c3ccc(S(=O)(=O)C(C)C)cc3)cccc2N(C)C)c2cnn(C3=NN=CC3)c2n1,515.6430000000003,4.691200000000004,104.84
CNc1cc(-c2c(-c3ccc(S(=O)(=O)C(C)C)cc3)cccc2N(C)C)nc2c1cnn2C1=NN=CC1,515.6430000000001,4.691200000000004,104.84
CNc1cc(-c2c(-c3ccc(S(=O)(=O)C(C)C)cc3)cccc2N2CCOC[C@H]2C)c2cnn(C3=NN=CC3)c2n1,571.7070000000001,4.850300000000004,114.07000000000001
CNc1cc(-c2c(-c3ccc(S(=O)(=O)C(C)C)cc3)cccc2N2CCOC[C@H]2C)nc2c1cnn2C1=NN=CC1,571.7070000000001,4.850300000000004,114.07
CNc1cc(-c2c(-c3cnc(C#N)cn3)cccc2N(C)C)c2cnn(C3=NN=CC3)c2n1,436.4830000000002,3.1707800000000015,120.27
CNc1cc(-c2c(-c3cnc(C#N)cn3)cccc2N(C)C)nc2c1cnn2C1=NN=CC1,436.4830000000002,3.1707800000000015,120.27000000000001
CNc1cc(-c2c(-c3cnc(C#N)cn3)cccc2N2CCOC[C@H]2C)c2cnn(C3=NN=CC3)c2n1,492.5470000000003,3.329880000000002,129.5
CNc1cc(-c2c(-c3cnc(C#N)cn3)cccc2N2CCOC[C@H]2C)nc2c1cnn2C1=NN=CC1,492.5470000000003,3.329880000000002,129.5
CNc1cc(-c2c(-c3cncc4[nH]ccc34)cccc2C2([S@](C)(=N)=O)CC2)c2cnn(C3=NN=CC3)c2n1,523.6260000000003,4.985070000000004,137.06
CNc1cc(-c2c(-c3cncc4[nH]ccc34)cccc2C2([S@](C)(=N)=O)CC2)nc2c1cnn2C1=NN=CC1,523.6260000000002,4.985070000000004,137.06
CNc1cc(-c2c(-c3cncc4[nH]ccc34)cccc2N(C)C)c2cnn(C3=NN=CC3)c2n1,449.5220000000002,4.385400000000003,99.38
CNc1cc(-c2c(-c3cncc4[nH]ccc34)cccc2N(C)C)nc2c1cnn2C1=NN=CC1,449.5220000000002,4.385400000000003,99.38
CNc1cc(-c2c(-c3cncc4[nH]ccc34)cccc2N2CCOC[C@H]2C)c2cnn(C3=NN=CC3)c2n1,505.58600000000035,4.544500000000004,108.61
CNc1cc(-c2c(-c3cncc4[nH]ccc34)cccc2N2CCOC[C@H]2C)nc2c1cnn2C1=NN=CC1,505.58600000000035,4.544500000000004,108.61000000000001
CNc1cc(-c2c(-c3cncc4[nH]ccc34)cccc2[C@]2(O)C[C@H]3CC[C@@H](C2)O3)c2cnn(C3=NN=CC3)c2n1,532.6080000000003,4.848400000000004,125.60000000000001
CNc1cc(-c2c(-c3cncc4[nH]ccc34)cccc2[C@]2(O)C[C@H]3CC[C@@H](C2)O3)nc2c1cnn2C1=NN=CC1,532.6080000000003,4.848400000000004,125.6
CNc1cc(-c2c(C3([S@](C)(=N)=O)CC3)cccc2[C@]2(O)C[C@H]3CC[C@@H](C2)O3)c2cnn(C3=NN=CC3)c2n1,533.6580000000004,3.9707700000000035,137.84000000000003
CNc1cc(-c2c(C3([S@](C)(=N)=O)CC3)cccc2[C@]2(O)C[C@H]3CC[C@@H](C2)O3)nc2c1cnn2C1=NN=CC1,533.6580000000004,3.9707700000000035,137.84
CNc1cc(-c2c(N(C)C)cccc2C2([S@](C)(=N)=O)CC2)c2cnn(C3=NN=CC3)c2n1,450.57200000000023,3.5077700000000016,111.62000000000002
CNc1cc(-c2c(N(C)C)cccc2C2([S@](C)(=N)=O)CC2)nc2c1cnn2C1=NN=CC1,450.57200000000023,3.5077700000000016,111.62
CNc1cc(-c2c(N(C)C)cccc2N(C)C)c2cnn(C3=NN=CC3)c2n1,376.46800000000013,2.908100000000001,73.94
CNc1cc(-c2c(N(C)C)cccc2N(C)C)nc2c1cnn2C1=NN=CC1,376.46800000000013,2.908100000000001,73.94
CNc1cc(-c2c(N(C)C)cccc2N2CCOC[C@H]2C)c2cnn(C3=NN=CC3)c2n1,432.5320000000002,3.0672000000000015,83.17
CNc1cc(-c2c(N(C)C)cccc2N2CCOC[C@H]2C)nc2c1cnn2C1=NN=CC1,432.5320000000002,3.0672000000000015,83.17
CNc1cc(-c2c(N(C)C)cccc2[C@]2(O)C[C@H]3CC[C@@H](C2)O3)c2cnn(C3=NN=CC3)c2n1,459.55400000000026,3.371100000000002,100.16
CNc1cc(-c2c(N(C)C)cccc2[C@]2(O)C[C@H]3CC[C@@H](C2)O3)nc2c1cnn2C1=NN=CC1,459.55400000000026,3.371100000000002,100.16
CNc1cc(-c2c(N3CCOC[C@H]3C)cccc2C2([S@](C)(=N)=O)CC2)c2cnn(C3=NN=CC3)c2n1,506.63600000000025,3.666870000000002,120.85000000000001
CNc1cc(-c2c(N3CCOC[C@H]3C)cccc2C2([S@](C)(=N)=O)CC2)nc2c1cnn2C1=NN=CC1,506.63600000000025,3.666870000000002,120.85
CNc1cc(-c2c(N3CCOC[C@H]3C)cccc2N2CCOC[C@H]2C)c2cnn(C3=NN=CC3)c2n1,488.59600000000034,3.226300000000002,92.4
CNc1cc(-c2c(N3CCOC[C@H]3C)cccc2N2CCOC[C@H]2C)nc2c1cnn2C1=NN=CC1,488.59600000000034,3.226300000000002,92.4
CNc1cc(-c2c(N3CCOC[C@H]3C)cccc2[C@]2(O)C[C@H]3CC[C@@H](C2)O3)c2cnn(C3=NN=CC3)c2n1,515.6180000000003,3.5302000000000024,109.39
CNc1cc(-c2c(N3CCOC[C@H]3C)cccc2[C@]2(O)C[C@H]3CC[C@@H](C2)O3)nc2c1cnn2C1=NN=CC1,515.6180000000003,3.5302000000000024,109.39000000000001
CNc1cc(-c2c(NC)cccc2-c2ccc(S(=O)(=O)C(C)C)cc2)c2cnn(C3=NN=CC3)c2n1,501.61600000000027,4.666900000000004,113.63000000000001
CNc1cc(-c2c(NC)cccc2-c2cnc(C#N)cn2)c2cnn(C3=NN=CC3)c2n1,422.4560000000002,3.1464800000000013,129.06
CNc1cc(-c2c(NC)cccc2-c2cncc3[nH]ccc23)c2cnn(C3=NN=CC3)c2n1,435.49500000000023,4.361100000000002,108.17
CNc1cc(-c2c(NC)cccc2C2([S@](C)(=N)=O)CC2)c2cnn(C3=NN=CC3)c2n1,436.5450000000003,3.4834700000000023,120.40999999999998
CNc1cc(-c2c(NC)cccc2N(C)C)c2cnn(C3=NN=CC3)c2n1,362.44100000000014,2.883800000000001,82.73
CNc1cc(-c2c(NC)cccc2N2CCOC[C@H]2C)c2cnn(C3=NN=CC3)c2n1,418.50500000000017,3.0429000000000013,91.96000000000001
CNc1cc(-c2c(NC)cccc2NC)c2cnn(C3=NN=CC3)c2n1,348.41400000000016,2.8595000000000006,91.52
CNc1cc(-c2c(NC)cccc2OC)c2cnn(C3=NN=CC3)c2n1,349.39800000000014,2.8264000000000005,88.72
CNc1cc(-c2c(NC)cccc2[C@]2(O)C[C@H]3CC[C@@H](C2)O3)c2cnn(C3=NN=CC3)c2n1,445.5270000000002,3.3468000000000018,108.95
CNc1cc(-c2c(OC)cccc2-c2ccc(S(=O)(=O)C(C)C)cc2)c2cnn(C3=NN=CC3)c2n1,502.60000000000025,4.633800000000004,110.83
CNc1cc(-c2c(OC)cccc2-c2ccc(S(=O)(=O)C(C)C)cc2)nc2c1cnn2C1=NN=CC1,502.60000000000025,4.633800000000004,110.82999999999998
CNc1cc(-c2c(OC)cccc2-c2cnc(C#N)cn2)c2cnn(C3=NN=CC3)c2n1,423.44000000000017,3.113380000000001,126.26
CNc1cc(-c2c(OC)cccc2-c2cnc(C#N)cn2)nc2c1cnn2C1=NN=CC1,423.44000000000017,3.113380000000001,126.25999999999999
CNc1cc(-c2c(OC)cccc2-c2cncc3[nH]ccc23)c2cnn(C3=NN=CC3)c2n1,436.4790000000002,4.328000000000003,105.36999999999999
CNc1cc(-c2c(OC)cccc2-c2cncc3[nH]ccc23)nc2c1cnn2C1=NN=CC1,436.4790000000002,4.328000000000003,105.37
CNc1cc(-c2c(OC)cccc2C2([S@](C)(=N)=O)CC2)c2cnn(C3=NN=CC3)c2n1,437.5290000000003,3.4503700000000013,117.61
CNc1cc(-c2c(OC)cccc2C2([S@](C)(=N)=O)CC2)nc2c1cnn2C1=NN=CC1,437.5290000000003,3.450370000000002,117.60999999999999
CNc1cc(-c2c(OC)cccc2N(C)C)c2cnn(C3=NN=CC3)c2n1,363.4250000000001,2.8507000000000007,79.92999999999999
CNc1cc(-c2c(OC)cccc2N(C)C)nc2c1cnn2C1=NN=CC1,363.42500000000007,2.8507000000000007,79.92999999999999
CNc1cc(-c2c(OC)cccc2N2CCOC[C@H]2C)c2cnn(C3=NN=CC3)c2n1,419.48900000000015,3.009800000000001,89.16000000000001
CNc1cc(-c2c(OC)cccc2N2CCOC[C@H]2C)nc2c1cnn2C1=NN=CC1,419.48900000000015,3.009800000000001,89.16
CNc1cc(-c2c(OC)cccc2OC)c2cnn(C3=NN=CC3)c2n1,350.3820000000001,2.7933000000000003,85.92
CNc1cc(-c2c(OC)cccc2OC)nc2c1cnn2C1=NN=CC1,350.38200000000006,2.7933000000000012,85.92
CNc1cc(-c2c(OC)cccc2[C@]2(O)C[C@H]3CC[C@@H](C2)O3)c2cnn(C3=NN=CC3)c2n1,446.5110000000002,3.3137000000000016,106.14999999999999
CNc1cc(-c2c(OC)cccc2[C@]2(O)C[C@H]3CC[C@@H](C2)O3)nc2c1cnn2C1=NN=CC1,446.5110000000002,3.3137000000000016,106.15
CNc1cc(-c2c([C@]3(O)C[C@H]4CC[C@@H](C3)O4)cccc2[C@]2(O)C[C@H]3CC[C@@H](C2)O3)c2cnn(C3=NN=CC3)c2n1,542.6400000000002,3.834100000000003,126.38000000000001
CNc1cc(-c2c([C@]3(O)C[C@H]4CC[C@@H](C3)O4)cccc2[C@]2(O)C[C@H]3CC[C@@H](C2)O3)nc2c1cnn2C1=NN=CC1,542.6400000000002,3.834100000000003,126.38
CNc1cc(-c2cc(-c3ccc(N(C)C)cc3)c3cnn(C4=NN=CC4)c3n2)nc2c1cnn2C1=NN=CC1,516.5730000000002,3.8899000000000026,126.13
CNc1cc(-c2cc(-c3ccc(OC)cc3)c3cnn(C4=NN=CC4)c3n2)nc2c1cnn2C1=NN=CC1,503.53000000000026,3.8325000000000022,132.12
CNc1cc(-c2cc(C3([S@](C)(=N)=O)CC3)nc3c2cnn3C2=NN=CC2)[nH]n1,397.4680000000001,2.16487,137.06
CNc1cc(-c2cc(C3([S@](C)(=N)=O)CC3)nc3c2cnn3C2=NN=CC2)n[nH]1,397.4680000000001,2.16487,137.06
CNc1cc(-c2cc(C3([S@](C)(=N)=O)CC3)nc3c2cnn3C2=NN=CC2)nc(N(C)C)n1,452.5480000000002,2.29777,137.39999999999998
CNc1cc(-c2cc(C3([S@](C)(=N)=O)CC3)nc3c2cnn3C2=NN=CC2)no1,398.4520000000001,2.4297700000000004,134.41
CNc1cc(-c2cc(C3([S@](C)(=N)=O)CC3)nc3c2cnn3C2=NN=CC2)on1,398.4520000000001,2.4297700000000004,134.41
CNc1cc(-c2cc(CN(C)C)c3cnn(C4=NN=CC4)c3n2)nc2c1cnn2C1=NN=CC1,454.50200000000024,2.2184999999999997,126.13
CNc1cc(-c2cc(COC)c3cnn(C4=NN=CC4)c3n2)nc2c1cnn2C1=NN=CC1,441.45900000000023,2.3033,132.12
CNc1cc(-c2cc(N(C)C)c3cnn(C4=NN=CC4)c3n2)nc2c1cnn2C1=NN=CC1,440.47500000000025,2.2229,126.13
CNc1cc(-c2cc(N3CCOC[C@H]3C)c3cnn(C4=NN=CC4)c3n2)nc2c1cnn2C1=NN=CC1,496.5390000000002,2.3820000000000006,135.35999999999999
CNc1cc(-c2cc(NC)c3cnn(C4=NN=CC4)c3n2)nc2c1cnn2C1=NN=CC1,426.44800000000015,2.1986,134.92
CNc1cc(-c2cc(OC)c3cnn(C4=NN=CC4)c3n2)nc2c1cnn2C1=NN=CC1,427.4320000000002,2.1654999999999998,132.12
CNc1cc(-c2cc([C@]3(O)C[C@H]4CC[C@@H](C3)O4)nc3c2cnn3C2=NN=CC2)[nH]n1,406.4500000000001,2.0282,125.59999999999998
CNc1cc(-c2cc([C@]3(O)C[C@H]4CC[C@@H](C3)O4)nc3c2cnn3C2=NN=CC2)n[nH]1,406.4500000000001,2.0282,125.6
CNc1cc(-c2cc([C@]3(O)C[C@H]4CC[C@@H](C3)O4)nc3c2cnn3C2=NN=CC2)no1,407.43400000000014,2.2931,122.94999999999999
CNc1cc(-c2cc([C@]3(O)C[C@H]4CC[C@@H](C3)O4)nc3c2cnn3C2=NN=CC2)on1,407.43400000000014,2.2931,122.94999999999999
CNc1cc(-c2ccc(-c3cc(C4([S@](C)(=N)=O)CC4)nc4c3cnn4C3=NN=CC3)cc2)[nH]n1,473.5660000000002,3.831870000000002,137.06
CNc1cc(-c2ccc(-c3cc(C4([S@](C)(=N)=O)CC4)nc4c3cnn4C3=NN=CC3)cc2)n[nH]1,473.5660000000002,3.831870000000002,137.06
CNc1cc(-c2ccc(-c3cc(C4([S@](C)(=N)=O)CC4)nc4c3cnn4C3=NN=CC3)cc2)no1,474.55000000000024,4.096770000000003,134.41
CNc1cc(-c2ccc(-c3cc(C4([S@](C)(=N)=O)CC4)nc4c3cnn4C3=NN=CC3)cc2)on1,474.55000000000024,4.096770000000003,134.41
CNc1cc(-c2ccc(-c3cc([C@]4(O)C[C@H]5CC[C@@H](C4)O5)nc4c3cnn4C3=NN=CC3)cc2)[nH]n1,482.5480000000002,3.6952000000000016,125.59999999999998
CNc1cc(-c2ccc(-c3cc([C@]4(O)C[C@H]5CC[C@@H](C4)O5)nc4c3cnn4C3=NN=CC3)cc2)n[nH]1,482.5480000000002,3.6952000000000016,125.6
CNc1cc(-c2ccc(-c3cc([C@]4(O)C[C@H]5CC[C@@H](C4)O5)nc4c3cnn4C3=NN=CC3)cc2)no1,483.5320000000002,3.9601000000000024,122.94999999999999
CNc1cc(-c2ccc(-c3cc([C@]4(O)C[C@H]5CC[C@@H](C4)O5)nc4c3cnn4C3=NN=CC3)cc2)on1,483.5320000000002,3.9601000000000024,122.94999999999999
CNc1cc(C2([S@](C)(=N)=O)CC2)nc2c1cnn2C1=NN=CC1,331.4050000000001,1.77477,108.38
CNc1cc(N(C)C)nc(-c2cc(C3([S@](C)(=N)=O)CC3)nc3c2cnn3C2=NN=CC2)n1,452.5480000000003,2.29777,137.40000000000003
CNc1cc(Nc2cc([C@]3(O)C[C@H]4CC[C@@H](C3)O4)nc3c2cnn3C2=NN=CC2)[nH]n1,421.4650000000001,2.1048,137.63
CNc1cc(Nc2cc([C@]3(O)C[C@H]4CC[C@@H](C3)O4)nc3c2cnn3C2=NN=CC2)n[nH]1,421.4650000000001,2.1048,137.63
CNc1cc(Nc2cc([C@]3(O)C[C@H]4CC[C@@H](C3)O4)nc3c2cnn3C2=NN=CC2)no1,422.4490000000001,2.3697,134.98
CNc1cc(Nc2cc([C@]3(O)C[C@H]4CC[C@@H](C3)O4)nc3c2cnn3C2=NN=CC2)on1,422.4490000000001,2.3697,134.98
CNc1cc([C@]2(O)C[C@H]3CC[C@@H](C2)O3)nc2c1cnn2C1=NN=CC1,340.38700000000006,1.6381,96.91999999999999
CNc1ccc(-c2cc(-c3cc(C4([S@](C)(=N)=O)CC4)nc4c3cnn4C3=NN=CC3)[nH]n2)cc1,473.5660000000002,3.831870000000001,137.06
CNc1ccc(-c2cc(-c3cc(C4([S@](C)(=N)=O)CC4)nc4c3cnn4C3=NN=CC3)n[nH]2)cc1,473.5660000000002,3.831870000000001,137.06
CNc1ccc(-c2cc(-c3cc(C4([S@](C)(=N)=O)CC4)nc4c3cnn4C3=NN=CC3)no2)cc1,474.55000000000024,4.096770000000002,134.41
CNc1ccc(-c2cc(-c3cc(C4([S@](C)(=N)=O)CC4)nc4c3cnn4C3=NN=CC3)on2)cc1,474.55000000000024,4.096770000000002,134.41
CNc1ccc(-c2cc(-c3cc(N(C)C)c4cnn(C5=NN=CC5)c4n3)nc3c2cnn3C2=NN=CC2)cc1,516.5730000000003,3.8899000000000017,126.13
CNc1ccc(-c2cc(-c3cc(NC)c4cnn(C5=NN=CC5)c4n3)nc3c2cnn3C2=NN=CC2)cc1,502.5460000000002,3.8656000000000015,134.92
CNc1ccc(-c2cc(-c3cc(OC)c4cnn(C5=NN=CC5)c4n3)nc3c2cnn3C2=NN=CC2)cc1,503.5300000000002,3.8325000000000022,132.12
CNc1ccc(-c2cc(-c3cc([C@]4(O)C[C@H]5CC[C@@H](C4)O5)nc4c3cnn4C3=NN=CC3)[nH]n2)cc1,482.5480000000002,3.6952000000000016,125.59999999999998
CNc1ccc(-c2cc(-c3cc([C@]4(O)C[C@H]5CC[C@@H](C4)O5)nc4c3cnn4C3=NN=CC3)n[nH]2)cc1,482.5480000000002,3.6952000000000016,125.6
CNc1ccc(-c2cc(-c3cc([C@]4(O)C[C@H]5CC[C@@H](C4)O5)nc4c3cnn4C3=NN=CC3)no2)cc1,483.5320000000002,3.9601000000000024,122.94999999999999
CNc1ccc(-c2cc(-c3cc([C@]4(O)C[C@H]5CC[C@@H](C4)O5)nc4c3cnn4C3=NN=CC3)on2)cc1,483.5320000000002,3.9601000000000024,122.94999999999999
CNc1ccc(-c2cc(C3([S@](C)(=N)=O)CC3)nc3c2cnn3C2=NN=CC2)cc1,407.5030000000001,3.4417700000000018,108.38
CNc1ccc(-c2cc([C@]3(O)C[C@H]4CC[C@@H](C3)O4)nc3c2cnn3C2=NN=CC2)cc1,416.48500000000007,3.305100000000002,96.91999999999999
CNc1ccc(-c2ccc(-c3cc(C4([S@](C)(=N)=O)CC4)nc4c3cnn4C3=NN=CC3)cc2)cc1,483.6010000000003,5.108770000000003,108.38
CNc1ccc(-c2ccc(-c3cc([C@]4(O)C[C@H]5CC[C@@H](C4)O5)nc4c3cnn4C3=NN=CC3)cc2)cc1,492.5830000000002,4.972100000000004,96.91999999999999
CNc1ccc(Oc2cc(C3([S@](C)(=N)=O)CC3)nc3c2cnn3C2=NN=CC2)cc1,423.5020000000001,3.567070000000002,117.60999999999999
CNc1cccc(-c2cc(C3([S@](C)(=N)=O)CC3)nc3c2cnn3C2=NN=CC2)c1-c1cncc2[nH]ccc12,523.6260000000002,4.985070000000003,137.06
CNc1cccc(-c2cc(C3([S@](C)(=N)=O)CC3)nc3c2cnn3C2=NN=CC2)c1N(C)C,450.5720000000002,3.5077700000000025,111.61999999999999
CNc1cccc(-c2cc(C3([S@](C)(=N)=O)CC3)nc3c2cnn3C2=NN=CC2)c1N1CCOC[C@H]1C,506.6360000000003,3.666870000000002,120.85
CNc1cccc(-c2cc(C3([S@](C)(=N)=O)CC3)nc3c2cnn3C2=NN=CC2)c1NC,436.54500000000013,3.4834700000000014,120.41
CNc1cccc(-c2cc(C3([S@](C)(=N)=O)CC3)nc3c2cnn3C2=NN=CC2)c1OC,437.52900000000017,3.450370000000002,117.61
CNc1cccc(-c2cc(C3([S@](C)(=N)=O)CC3)nc3c2cnn3C2=NN=CC2)c1[C@]1(O)C[C@H]2CC[C@@H](C1)O2,533.6580000000002,3.9707700000000026,137.83999999999997
CNc1cccc(-c2cc([C@]3(O)C[C@H]4CC[C@@H](C3)O4)nc3c2cnn3C2=NN=CC2)c1-c1cncc2[nH]ccc12,532.6080000000002,4.848400000000003,125.6
CNc1cccc(-c2cc([C@]3(O)C[C@H]4CC[C@@H](C3)O4)nc3c2cnn3C2=NN=CC2)c1C1([S@](C)(=N)=O)CC1,533.6580000000001,3.9707700000000026,137.83999999999997
CNc1cccc(-c2cc([C@]3(O)C[C@H]4CC[C@@H](C3)O4)nc3c2cnn3C2=NN=CC2)c1N(C)C,459.5540000000002,3.371100000000002,100.15999999999998
CNc1cccc(-c2cc([C@]3(O)C[C@H]4CC[C@@H](C3)O4)nc3c2cnn3C2=NN=CC2)c1N1CCOC[C@H]1C,515.6180000000003,3.5302000000000016,109.38999999999999
CNc1cccc(-c2cc([C@]3(O)C[C@H]4CC[C@@H](C3)O4)nc3c2cnn3C2=NN=CC2)c1NC,445.52700000000016,3.346800000000001,108.94999999999999
CNc1cccc(-c2cc([C@]3(O)C[C@H]4CC[C@@H](C3)O4)nc3c2cnn3C2=NN=CC2)c1OC,446.5110000000002,3.3137000000000016,106.14999999999999
CNc1cccc(-c2cc([C@]3(O)C[C@H]4CC[C@@H](C3)O4)nc3c2cnn3C2=NN=CC2)c1[C@]1(O)C[C@H]2CC[C@@H](C1)O2,542.6400000000003,3.834100000000002,126.38
CNc1cccc(-c2ccc(S(=O)(=O)C(C)C)cc2)c1-c1cc(N(C)C)c2cnn(C3=NN=CC3)c2n1,515.6430000000003,4.691200000000004,104.84
CNc1cccc(-c2ccc(S(=O)(=O)C(C)C)cc2)c1-c1cc(N(C)C)nc2c1cnn2C1=NN=CC1,515.6430000000001,4.691200000000004,104.84
CNc1cccc(-c2ccc(S(=O)(=O)C(C)C)cc2)c1-c1cc(N2CCOC[C@H]2C)c2cnn(C3=NN=CC3)c2n1,571.7070000000001,4.850300000000004,114.07000000000001
CNc1cccc(-c2ccc(S(=O)(=O)C(C)C)cc2)c1-c1cc(N2CCOC[C@H]2C)nc2c1cnn2C1=NN=CC1,571.7070000000001,4.850300000000004,114.07
CNc1cccc(-c2ccc(S(=O)(=O)C(C)C)cc2)c1-c1cc(NC)c2cnn(C3=NN=CC3)c2n1,501.6160000000002,4.666900000000004,113.63000000000001
CNc1cccc(-c2ccc(S(=O)(=O)C(C)C)cc2)c1-c1cc(OC)c2cnn(C3=NN=CC3)c2n1,502.60000000000025,4.633800000000004,110.83
CNc1cccc(-c2ccc(S(=O)(=O)C(C)C)cc2)c1-c1cc(OC)nc2c1cnn2C1=NN=CC1,502.60000000000025,4.633800000000004,110.83000000000001
CNc1cccc(-c2cnc(C#N)cn2)c1-c1cc(N(C)C)c2cnn(C3=NN=CC3)c2n1,436.4830000000002,3.1707800000000015,120.27
CNc1cccc(-c2cnc(C#N)cn2)c1-c1cc(N(C)C)nc2c1cnn2C1=NN=CC1,436.4830000000002,3.1707800000000015,120.27000000000001
CNc1cccc(-c2cnc(C#N)cn2)c1-c1cc(N2CCOC[C@H]2C)c2cnn(C3=NN=CC3)c2n1,492.5470000000003,3.329880000000002,129.5
CNc1cccc(-c2cnc(C#N)cn2)c1-c1cc(N2CCOC[C@H]2C)nc2c1cnn2C1=NN=CC1,492.5470000000003,3.329880000000002,129.5
CNc1cccc(-c2cnc(C#N)cn2)c1-c1cc(NC)c2cnn(C3=NN=CC3)c2n1,422.45600000000013,3.1464800000000004,129.06
CNc1cccc(-c2cnc(C#N)cn2)c1-c1cc(OC)c2cnn(C3=NN=CC3)c2n1,423.44000000000017,3.113380000000001,126.26
CNc1cccc(-c2cnc(C#N)cn2)c1-c1cc(OC)nc2c1cnn2C1=NN=CC1,423.44000000000017,3.113380000000001,126.25999999999999
CNc1cccc(-c2cncc3[nH]ccc23)c1-c1cc(C2([S@](C)(=N)=O)CC2)c2cnn(C3=NN=CC3)c2n1,523.6260000000003,4.985070000000004,137.06
CNc1cccc(-c2cncc3[nH]ccc23)c1-c1cc(C2([S@](C)(=N)=O)CC2)nc2c1cnn2C1=NN=CC1,523.6260000000002,4.985070000000004,137.06
CNc1cccc(-c2cncc3[nH]ccc23)c1-c1cc(N(C)C)c2cnn(C3=NN=CC3)c2n1,449.5220000000002,4.385400000000003,99.38
CNc1cccc(-c2cncc3[nH]ccc23)c1-c1cc(N(C)C)nc2c1cnn2C1=NN=CC1,449.5220000000002,4.385400000000003,99.38
CNc1cccc(-c2cncc3[nH]ccc23)c1-c1cc(N2CCOC[C@H]2C)c2cnn(C3=NN=CC3)c2n1,505.58600000000035,4.544500000000004,108.61
CNc1cccc(-c2cncc3[nH]ccc23)c1-c1cc(N2CCOC[C@H]2C)nc2c1cnn2C1=NN=CC1,505.58600000000035,4.544500000000004,108.61000000000001
CNc1cccc(-c2cncc3[nH]ccc23)c1-c1cc(NC)c2cnn(C3=NN=CC3)c2n1,435.4950000000002,4.361100000000003,108.17
CNc1cccc(-c2cncc3[nH]ccc23)c1-c1cc(OC)c2cnn(C3=NN=CC3)c2n1,436.4790000000002,4.328000000000003,105.36999999999999
CNc1cccc(-c2cncc3[nH]ccc23)c1-c1cc(OC)nc2c1cnn2C1=NN=CC1,436.4790000000002,4.328000000000003,105.37
CNc1cccc(-c2cncc3[nH]ccc23)c1-c1cc([C@]2(O)C[C@H]3CC[C@@H](C2)O3)c2cnn(C3=NN=CC3)c2n1,532.6080000000003,4.848400000000004,125.60000000000001
CNc1cccc(-c2cncc3[nH]ccc23)c1-c1cc([C@]2(O)C[C@H]3CC[C@@H](C2)O3)nc2c1cnn2C1=NN=CC1,532.6080000000003,4.848400000000004,125.6
CNc1cccc(C2([S@](C)(=N)=O)CC2)c1-c1cc(-c2cncc3[nH]ccc23)c2cnn(C3=NN=CC3)c2n1,523.6260000000002,4.985070000000004,137.06
CNc1cccc(C2([S@](C)(=N)=O)CC2)c1-c1cc(-c2cncc3[nH]ccc23)nc2c1cnn2C1=NN=CC1,523.6260000000001,4.985070000000004,137.06
CNc1cccc(C2([S@](C)(=N)=O)CC2)c1-c1cc(N(C)C)c2cnn(C3=NN=CC3)c2n1,450.5720000000002,3.5077700000000025,111.62000000000002
CNc1cccc(C2([S@](C)(=N)=O)CC2)c1-c1cc(N(C)C)nc2c1cnn2C1=NN=CC1,450.5720000000002,3.5077700000000025,111.62
CNc1cccc(C2([S@](C)(=N)=O)CC2)c1-c1cc(N2CCOC[C@H]2C)c2cnn(C3=NN=CC3)c2n1,506.6360000000003,3.666870000000002,120.85000000000001
CNc1cccc(C2([S@](C)(=N)=O)CC2)c1-c1cc(N2CCOC[C@H]2C)nc2c1cnn2C1=NN=CC1,506.6360000000003,3.666870000000002,120.85
CNc1cccc(C2([S@](C)(=N)=O)CC2)c1-c1cc(NC)c2cnn(C3=NN=CC3)c2n1,436.54500000000013,3.4834700000000014,120.41000000000001
CNc1cccc(C2([S@](C)(=N)=O)CC2)c1-c1cc(OC)c2cnn(C3=NN=CC3)c2n1,437.52900000000017,3.450370000000002,117.61
CNc1cccc(C2([S@](C)(=N)=O)CC2)c1-c1cc(OC)nc2c1cnn2C1=NN=CC1,437.52900000000017,3.450370000000002,117.61000000000001
CNc1cccc(C2([S@](C)(=N)=O)CC2)c1-c1cc([C@]2(O)C[C@H]3CC[C@@H](C2)O3)c2cnn(C3=NN=CC3)c2n1,533.6580000000002,3.9707700000000035,137.84000000000003
CNc1cccc(C2([S@](C)(=N)=O)CC2)c1-c1cc([C@]2(O)C[C@H]3CC[C@@H](C2)O3)nc2c1cnn2C1=NN=CC1,533.6580000000002,3.9707700000000035,137.84
CNc1cccc(N(C)C)c1-c1cc(-c2ccc(S(=O)(=O)C(C)C)cc2)c2cnn(C3=NN=CC3)c2n1,515.6430000000003,4.691200000000004,104.84
CNc1cccc(N(C)C)c1-c1cc(-c2ccc(S(=O)(=O)C(C)C)cc2)nc2c1cnn2C1=NN=CC1,515.6430000000001,4.691200000000004,104.84
CNc1cccc(N(C)C)c1-c1cc(-c2cnc(C#N)cn2)c2cnn(C3=NN=CC3)c2n1,436.4830000000001,3.1707800000000015,120.27
CNc1cccc(N(C)C)c1-c1cc(-c2cnc(C#N)cn2)nc2c1cnn2C1=NN=CC1,436.4830000000001,3.1707800000000015,120.27000000000001
CNc1cccc(N(C)C)c1-c1cc(-c2cncc3[nH]ccc23)c2cnn(C3=NN=CC3)c2n1,449.52200000000016,4.385400000000002,99.38
CNc1cccc(N(C)C)c1-c1cc(-c2cncc3[nH]ccc23)nc2c1cnn2C1=NN=CC1,449.52200000000016,4.385400000000002,99.38
CNc1cccc(N(C)C)c1-c1cc(C2([S@](C)(=N)=O)CC2)c2cnn(C3=NN=CC3)c2n1,450.57200000000023,3.5077700000000016,111.62000000000002
CNc1cccc(N(C)C)c1-c1cc(C2([S@](C)(=N)=O)CC2)nc2c1cnn2C1=NN=CC1,450.57200000000023,3.5077700000000016,111.62
CNc1cccc(N(C)C)c1-c1cc(N(C)C)c2cnn(C3=NN=CC3)c2n1,376.4680000000001,2.908100000000001,73.94
CNc1cccc(N(C)C)c1-c1cc(N(C)C)nc2c1cnn2C1=NN=CC1,376.46800000000013,2.908100000000001,73.94
CNc1cccc(N(C)C)c1-c1cc(N2CCOC[C@H]2C)c2cnn(C3=NN=CC3)c2n1,432.53200000000015,3.0672000000000015,83.17
CNc1cccc(N(C)C)c1-c1cc(N2CCOC[C@H]2C)nc2c1cnn2C1=NN=CC1,432.53200000000015,3.0672000000000015,83.17
CNc1cccc(N(C)C)c1-c1cc(NC)c2cnn(C3=NN=CC3)c2n1,362.4410000000001,2.883800000000001,82.73
CNc1cccc(N(C)C)c1-c1cc(OC)c2cnn(C3=NN=CC3)c2n1,363.42500000000007,2.8507000000000007,79.92999999999999
CNc1cccc(N(C)C)c1-c1cc(OC)nc2c1cnn2C1=NN=CC1,363.42500000000007,2.8507000000000007,79.92999999999999
CNc1cccc(N(C)C)c1-c1cc([C@]2(O)C[C@H]3CC[C@@H](C2)O3)c2cnn(C3=NN=CC3)c2n1,459.55400000000026,3.371100000000002,100.16
CNc1cccc(N(C)C)c1-c1cc([C@]2(O)C[C@H]3CC[C@@H](C2)O3)nc2c1cnn2C1=NN=CC1,459.55400000000026,3.371100000000002,100.16
CNc1cccc(N2CCOC[C@H]2C)c1-c1cc(-c2ccc(S(=O)(=O)C(C)C)cc2)c2cnn(C3=NN=CC3)c2n1,571.707,4.850300000000004,114.07000000000001
CNc1cccc(N2CCOC[C@H]2C)c1-c1cc(-c2ccc(S(=O)(=O)C(C)C)cc2)nc2c1cnn2C1=NN=CC1,571.707,4.850300000000004,114.07
CNc1cccc(N2CCOC[C@H]2C)c1-c1cc(-c2cnc(C#N)cn2)c2cnn(C3=NN=CC3)c2n1,492.5470000000002,3.329880000000002,129.5
CNc1cccc(N2CCOC[C@H]2C)c1-c1cc(-c2cnc(C#N)cn2)nc2c1cnn2C1=NN=CC1,492.5470000000002,3.329880000000002,129.5
CNc1cccc(N2CCOC[C@H]2C)c1-c1cc(-c2cncc3[nH]ccc23)c2cnn(C3=NN=CC3)c2n1,505.5860000000002,4.544500000000004,108.61
CNc1cccc(N2CCOC[C@H]2C)c1-c1cc(-c2cncc3[nH]ccc23)nc2c1cnn2C1=NN=CC1,505.5860000000002,4.544500000000004,108.60999999999999
CNc1cccc(N2CCOC[C@H]2C)c1-c1cc(C2([S@](C)(=N)=O)CC2)c2cnn(C3=NN=CC3)c2n1,506.63600000000025,3.666870000000002,120.85000000000001
CNc1cccc(N2CCOC[C@H]2C)c1-c1cc(C2([S@](C)(=N)=O)CC2)nc2c1cnn2C1=NN=CC1,506.63600000000025,3.666870000000002,120.85
CNc1cccc(N2CCOC[C@H]2C)c1-c1cc(N(C)C)c2cnn(C3=NN=CC3)c2n1,432.53200000000015,3.0672000000000015,83.17
CNc1cccc(N2CCOC[C@H]2C)c1-c1cc(N(C)C)nc2c1cnn2C1=NN=CC1,432.53200000000015,3.0672000000000015,83.17
CNc1cccc(N2CCOC[C@H]2C)c1-c1cc(N2CCOC[C@H]2C)c2cnn(C3=NN=CC3)c2n1,488.5960000000003,3.226300000000002,92.4
CNc1cccc(N2CCOC[C@H]2C)c1-c1cc(N2CCOC[C@H]2C)nc2c1cnn2C1=NN=CC1,488.5960000000003,3.226300000000002,92.4
CNc1cccc(N2CCOC[C@H]2C)c1-c1cc(NC)c2cnn(C3=NN=CC3)c2n1,418.5050000000001,3.0429000000000013,91.96000000000001
CNc1cccc(N2CCOC[C@H]2C)c1-c1cc(OC)c2cnn(C3=NN=CC3)c2n1,419.48900000000015,3.009800000000001,89.16000000000001
CNc1cccc(N2CCOC[C@H]2C)c1-c1cc(OC)nc2c1cnn2C1=NN=CC1,419.48900000000015,3.009800000000001,89.16
CNc1cccc(N2CCOC[C@H]2C)c1-c1cc([C@]2(O)C[C@H]3CC[C@@H](C2)O3)c2cnn(C3=NN=CC3)c2n1,515.6180000000003,3.5302000000000024,109.39
CNc1cccc(N2CCOC[C@H]2C)c1-c1cc([C@]2(O)C[C@H]3CC[C@@H](C2)O3)nc2c1cnn2C1=NN=CC1,515.6180000000003,3.5302000000000024,109.39000000000001
CNc1cccc(NC)c1-c1cc(-c2ccc(S(=O)(=O)C(C)C)cc2)c2cnn(C3=NN=CC3)c2n1,501.61600000000027,4.666900000000004,113.63000000000001
CNc1cccc(NC)c1-c1cc(-c2ccc(S(=O)(=O)C(C)C)cc2)nc2c1cnn2C1=NN=CC1,501.61600000000027,4.666900000000004,113.63
CNc1cccc(NC)c1-c1cc(-c2cnc(C#N)cn2)c2cnn(C3=NN=CC3)c2n1,422.45600000000013,3.1464800000000004,129.06
CNc1cccc(NC)c1-c1cc(-c2cnc(C#N)cn2)nc2c1cnn2C1=NN=CC1,422.45600000000013,3.1464800000000004,129.06
CNc1cccc(NC)c1-c1cc(-c2cncc3[nH]ccc23)c2cnn(C3=NN=CC3)c2n1,435.4950000000002,4.361100000000002,108.17
CNc1cccc(NC)c1-c1cc(-c2cncc3[nH]ccc23)nc2c1cnn2C1=NN=CC1,435.4950000000002,4.361100000000002,108.16999999999999
CNc1cccc(NC)c1-c1cc(C2([S@](C)(=N)=O)CC2)c2cnn(C3=NN=CC3)c2n1,436.54500000000024,3.4834700000000014,120.40999999999998
CNc1cccc(NC)c1-c1cc(C2([S@](C)(=N)=O)CC2)nc2c1cnn2C1=NN=CC1,436.54500000000024,3.4834700000000014,120.41
CNc1cccc(NC)c1-c1cc(N(C)C)c2cnn(C3=NN=CC3)c2n1,362.4410000000001,2.883800000000001,82.73
CNc1cccc(NC)c1-c1cc(N(C)C)nc2c1cnn2C1=NN=CC1,362.4410000000001,2.883800000000001,82.73
CNc1cccc(NC)c1-c1cc(N2CCOC[C@H]2C)c2cnn(C3=NN=CC3)c2n1,418.5050000000001,3.0429000000000013,91.96000000000001
CNc1cccc(NC)c1-c1cc(N2CCOC[C@H]2C)nc2c1cnn2C1=NN=CC1,418.5050000000001,3.0429000000000013,91.96000000000001
CNc1cccc(NC)c1-c1cc(NC)c2cnn(C3=NN=CC3)c2n1,348.4140000000001,2.8595000000000006,91.52
CNc1cccc(NC)c1-c1cc(OC)c2cnn(C3=NN=CC3)c2n1,349.3980000000001,2.8264000000000005,88.72
CNc1cccc(NC)c1-c1cc(OC)nc2c1cnn2C1=NN=CC1,349.3980000000001,2.8264000000000005,88.72
CNc1cccc(NC)c1-c1cc([C@]2(O)C[C@H]3CC[C@@H](C2)O3)c2cnn(C3=NN=CC3)c2n1,445.5270000000002,3.3468000000000018,108.95
CNc1cccc(NC)c1-c1cc([C@]2(O)C[C@H]3CC[C@@H](C2)O3)nc2c1cnn2C1=NN=CC1,445.5270000000002,3.3468000000000018,108.94999999999999
CNc1cccc(OC)c1-c1cc(-c2ccc(S(=O)(=O)C(C)C)cc2)c2cnn(C3=NN=CC3)c2n1,502.60000000000025,4.633800000000004,110.83
CNc1cccc(OC)c1-c1cc(-c2ccc(S(=O)(=O)C(C)C)cc2)nc2c1cnn2C1=NN=CC1,502.60000000000025,4.633800000000004,110.82999999999998
CNc1cccc(OC)c1-c1cc(-c2cnc(C#N)cn2)c2cnn(C3=NN=CC3)c2n1,423.4400000000001,3.113380000000001,126.26
CNc1cccc(OC)c1-c1cc(-c2cnc(C#N)cn2)nc2c1cnn2C1=NN=CC1,423.4400000000001,3.113380000000001,126.25999999999999
CNc1cccc(OC)c1-c1cc(-c2cncc3[nH]ccc23)c2cnn(C3=NN=CC3)c2n1,436.47900000000016,4.328000000000003,105.36999999999999
CNc1cccc(OC)c1-c1cc(-c2cncc3[nH]ccc23)nc2c1cnn2C1=NN=CC1,436.47900000000016,4.328000000000003,105.37
CNc1cccc(OC)c1-c1cc(C2([S@](C)(=N)=O)CC2)c2cnn(C3=NN=CC3)c2n1,437.5290000000002,3.4503700000000013,117.61
CNc1cccc(OC)c1-c1cc(C2([S@](C)(=N)=O)CC2)nc2c1cnn2C1=NN=CC1,437.5290000000002,3.450370000000002,117.60999999999999
CNc1cccc(OC)c1-c1cc(N(C)C)c2cnn(C3=NN=CC3)c2n1,363.42500000000007,2.8507000000000007,79.92999999999999
CNc1cccc(OC)c1-c1cc(N(C)C)nc2c1cnn2C1=NN=CC1,363.42500000000007,2.8507000000000007,79.92999999999999
CNc1cccc(OC)c1-c1cc(N2CCOC[C@H]2C)c2cnn(C3=NN=CC3)c2n1,419.4890000000001,3.009800000000001,89.16000000000001
CNc1cccc(OC)c1-c1cc(N2CCOC[C@H]2C)nc2c1cnn2C1=NN=CC1,419.4890000000001,3.009800000000001,89.16
CNc1cccc(OC)c1-c1cc(NC)c2cnn(C3=NN=CC3)c2n1,349.3980000000001,2.8264000000000005,88.72
CNc1cccc(OC)c1-c1cc(OC)c2cnn(C3=NN=CC3)c2n1,350.38200000000006,2.7933000000000003,85.92
CNc1cccc(OC)c1-c1cc(OC)nc2c1cnn2C1=NN=CC1,350.38200000000006,2.7933000000000012,85.92
CNc1cccc(OC)c1-c1cc([C@]2(O)C[C@H]3CC[C@@H](C2)O3)c2cnn(C3=NN=CC3)c2n1,446.5110000000002,3.3137000000000016,106.14999999999999
CNc1cccc(OC)c1-c1cc([C@]2(O)C[C@H]3CC[C@@H](C2)O3)nc2c1cnn2C1=NN=CC1,446.5110000000002,3.3137000000000016,106.15
CNc1cccc([C@]2(O)C[C@H]3CC[C@@H](C2)O3)c1-c1cc(-c2cncc3[nH]ccc23)c2cnn(C3=NN=CC3)c2n1,532.6080000000001,4.848400000000003,125.59999999999998
CNc1cccc([C@]2(O)C[C@H]3CC[C@@H](C2)O3)c1-c1cc(-c2cncc3[nH]ccc23)nc2c1cnn2C1=NN=CC1,532.6080000000001,4.848400000000003,125.6
CNc1cccc([C@]2(O)C[C@H]3CC[C@@H](C2)O3)c1-c1cc(C2([S@](C)(=N)=O)CC2)c2cnn(C3=NN=CC3)c2n1,533.6580000000001,3.9707700000000026,137.83999999999997
CNc1cccc([C@]2(O)C[C@H]3CC[C@@H](C2)O3)c1-c1cc(C2([S@](C)(=N)=O)CC2)nc2c1cnn2C1=NN=CC1,533.6580000000001,3.9707700000000026,137.84
CNc1cccc([C@]2(O)C[C@H]3CC[C@@H](C2)O3)c1-c1cc(N(C)C)c2cnn(C3=NN=CC3)c2n1,459.55400000000014,3.371100000000002,100.16
CNc1cccc([C@]2(O)C[C@H]3CC[C@@H](C2)O3)c1-c1cc(N(C)C)nc2c1cnn2C1=NN=CC1,459.55400000000014,3.371100000000002,100.16
CNc1cccc([C@]2(O)C[C@H]3CC[C@@H](C2)O3)c1-c1cc(N2CCOC[C@H]2C)c2cnn(C3=NN=CC3)c2n1,515.6180000000003,3.5302000000000024,109.39
CNc1cccc([C@]2(O)C[C@H]3CC[C@@H](C2)O3)c1-c1cc(N2CCOC[C@H]2C)nc2c1cnn2C1=NN=CC1,515.6180000000002,3.5302000000000024,109.38999999999999
CNc1cccc([C@]2(O)C[C@H]3CC[C@@H](C2)O3)c1-c1cc(NC)c2cnn(C3=NN=CC3)c2n1,445.5270000000001,3.3468000000000018,108.95
CNc1cccc([C@]2(O)C[C@H]3CC[C@@H](C2)O3)c1-c1cc(OC)c2cnn(C3=NN=CC3)c2n1,446.51100000000014,3.3137000000000016,106.14999999999999
CNc1cccc([C@]2(O)C[C@H]3CC[C@@H](C2)O3)c1-c1cc(OC)nc2c1cnn2C1=NN=CC1,446.51100000000014,3.3137000000000016,106.15
CNc1cccc([C@]2(O)C[C@H]3CC[C@@H](C2)O3)c1-c1cc([C@]2(O)C[C@H]3CC[C@@H](C2)O3)c2cnn(C3=NN=CC3)c2n1,542.6400000000001,3.834100000000003,126.38000000000001
CNc1cccc([C@]2(O)C[C@H]3CC[C@@H](C2)O3)c1-c1cc([C@]2(O)C[C@H]3CC[C@@H](C2)O3)nc2c1cnn2C1=NN=CC1,542.6400000000002,3.834100000000003,126.38
CNc1nc(-c2cc(C3([S@](C)(=N)=O)CC3)nc3c2cnn3C2=NN=CC2)cc(N(C)C)n1,452.5480000000002,2.29777,137.4
COC[C@@H](C)Nc1cc(C2([S@](C)(=N)=O)CC2)nc2c1cnn2C1=NN=CC1,389.4850000000001,2.17987,117.60999999999999
COC[C@@H](C)Nc1cc([C@]2(O)C[C@H]3CC[C@@H](C2)O3)nc2c1cnn2C1=NN=CC1,398.4670000000001,2.0431999999999997,106.15
COC[C@@H](C)Oc1cc(C2([S@](C)(=N)=O)CC2)nc2c1cnn2C1=NN=CC1,390.4690000000001,2.14677,114.81
COCc1cc(-c2cc(C3([S@](C)(=N)=O)CC3)nc3c2cnn3C2=NN=CC2)[nH]n1,412.4790000000001,2.26957,134.26
COCc1cc(-c2cc(C3([S@](C)(=N)=O)CC3)nc3c2cnn3C2=NN=CC2)n[nH]1,412.4790000000001,2.26957,134.26000000000002
COCc1cc(-c2cc(C3([S@](C)(=N)=O)CC3)nc3c2cnn3C2=NN=CC2)no1,413.46300000000014,2.5344700000000007,131.61
COCc1cc(-c2cc(C3([S@](C)(=N)=O)CC3)nc3c2cnn3C2=NN=CC2)on1,413.46300000000014,2.5344700000000007,131.61
COCc1cc(-c2cc(N(C)C)c3cnn(C4=NN=CC4)c3n2)nc2c1cnn2C1=NN=CC1,455.4860000000002,2.3276000000000003,123.33000000000001
COCc1cc(-c2cc(OC)c3cnn(C4=NN=CC4)c3n2)nc2c1cnn2C1=NN=CC1,442.4430000000002,2.2702,129.32
COCc1cc(-c2cc([C@]3(O)C[C@H]4CC[C@@H](C3)O4)nc3c2cnn3C2=NN=CC2)[nH]n1,421.46100000000007,2.1329,122.8
COCc1cc(-c2cc([C@]3(O)C[C@H]4CC[C@@H](C3)O4)nc3c2cnn3C2=NN=CC2)n[nH]1,421.46100000000007,2.1329,122.80000000000001
COCc1cc(-c2cc([C@]3(O)C[C@H]4CC[C@@H](C3)O4)nc3c2cnn3C2=NN=CC2)no1,422.4450000000001,2.3978,120.15
COCc1cc(-c2cc([C@]3(O)C[C@H]4CC[C@@H](C3)O4)nc3c2cnn3C2=NN=CC2)on1,422.4450000000001,2.3978,120.15
COCc1cc(C2([S@](C)(=N)=O)CC2)nc2c1cnn2C1=NN=CC1,346.41600000000005,1.87947,105.58000000000001
COCc1ccc(-c2cc(C3([S@](C)(=N)=O)CC3)nc3c2cnn3C2=NN=CC2)cc1,422.5140000000001,3.546470000000002,105.58000000000001
COCc1ccc(-c2cc([C@]3(O)C[C@H]4CC[C@@H](C3)O4)nc3c2cnn3C2=NN=CC2)cc1,431.4960000000001,3.4098000000000024,94.12
CO[C@H](C)CNc1cc(C2([S@](C)(=N)=O)CC2)nc2c1cnn2C1=NN=CC1,389.4850000000001,2.17987,117.60999999999999
CO[C@H](C)CNc1cc([C@]2(O)C[C@H]3CC[C@@H](C2)O3)nc2c1cnn2C1=NN=CC1,398.4670000000001,2.0431999999999997,106.15
CO[C@H](C)COc1cc(C2([S@](C)(=N)=O)CC2)nc2c1cnn2C1=NN=CC1,390.4690000000001,2.14677,114.81
COc1c(-c2cc(C3([S@](C)(=N)=O)CC3)nc3c2cnn3C2=NN=CC2)cccc1N(C)C,451.55600000000015,3.4746700000000024,108.82000000000001
COc1c(-c2cc(C3([S@](C)(=N)=O)CC3)nc3c2cnn3C2=NN=CC2)cccc1N1CCOC[C@H]1C,507.6200000000003,3.633770000000003,118.05000000000001
COc1c(-c2cc(C3([S@](C)(=N)=O)CC3)nc3c2cnn3C2=NN=CC2)cccc1[C@]1(O)C[C@H]2CC[C@@H](C1)O2,534.6420000000003,3.9376700000000033,135.04000000000002
COc1c(-c2cc([C@]3(O)C[C@H]4CC[C@@H](C3)O4)nc3c2cnn3C2=NN=CC2)cccc1C1([S@](C)(=N)=O)CC1,534.642,3.9376700000000033,135.04
COc1c(-c2cc([C@]3(O)C[C@H]4CC[C@@H](C3)O4)nc3c2cnn3C2=NN=CC2)cccc1N(C)C,460.5380000000001,3.338000000000002,97.36
COc1c(-c2cc([C@]3(O)C[C@H]4CC[C@@H](C3)O4)nc3c2cnn3C2=NN=CC2)cccc1N1CCOC[C@H]1C,516.6020000000002,3.4971000000000023,106.59
COc1c(-c2cc([C@]3(O)C[C@H]4CC[C@@H](C3)O4)nc3c2cnn3C2=NN=CC2)cccc1[C@]1(O)C[C@H]2CC[C@@H](C1)O2,543.6240000000003,3.801000000000003,123.58000000000001
COc1c(-c2cncc3[nH]ccc23)cccc1-c1cc(C2([S@](C)(=N)=O)CC2)nc2c1cnn2C1=NN=CC1,524.6100000000002,4.951970000000004,134.26
COc1c(-c2cncc3[nH]ccc23)cccc1-c1cc([C@]2(O)C[C@H]3CC[C@@H](C2)O3)nc2c1cnn2C1=NN=CC1,533.5920000000003,4.815300000000004,122.80000000000001
COc1cc(-c2c(-c3ccc(S(=O)(=O)C(C)C)cc3)cccc2N(C)C)c2cnn(C3=NN=CC3)c2n1,516.6270000000002,4.658100000000004,102.04
COc1cc(-c2c(-c3ccc(S(=O)(=O)C(C)C)cc3)cccc2N(C)C)nc2c1cnn2C1=NN=CC1,516.6270000000002,4.658100000000004,102.04000000000002
COc1cc(-c2c(-c3ccc(S(=O)(=O)C(C)C)cc3)cccc2N2CCOC[C@H]2C)c2cnn(C3=NN=CC3)c2n1,572.6910000000001,4.817200000000004,111.27
COc1cc(-c2c(-c3ccc(S(=O)(=O)C(C)C)cc3)cccc2N2CCOC[C@H]2C)nc2c1cnn2C1=NN=CC1,572.6910000000001,4.817200000000004,111.27000000000001
COc1cc(-c2c(-c3cnc(C#N)cn3)cccc2N(C)C)c2cnn(C3=NN=CC3)c2n1,437.4670000000002,3.1376800000000014,117.47000000000001
COc1cc(-c2c(-c3cnc(C#N)cn3)cccc2N(C)C)nc2c1cnn2C1=NN=CC1,437.4670000000002,3.1376800000000014,117.47
COc1cc(-c2c(-c3cnc(C#N)cn3)cccc2N2CCOC[C@H]2C)c2cnn(C3=NN=CC3)c2n1,493.53100000000035,3.296780000000001,126.7
COc1cc(-c2c(-c3cnc(C#N)cn3)cccc2N2CCOC[C@H]2C)nc2c1cnn2C1=NN=CC1,493.53100000000035,3.296780000000001,126.69999999999999
COc1cc(-c2c(-c3cncc4[nH]ccc34)cccc2C2([S@](C)(=N)=O)CC2)c2cnn(C3=NN=CC3)c2n1,524.6100000000004,4.951970000000004,134.26
COc1cc(-c2c(-c3cncc4[nH]ccc34)cccc2C2([S@](C)(=N)=O)CC2)nc2c1cnn2C1=NN=CC1,524.6100000000002,4.951970000000004,134.26
COc1cc(-c2c(-c3cncc4[nH]ccc34)cccc2N(C)C)c2cnn(C3=NN=CC3)c2n1,450.50600000000026,4.352300000000003,96.58
COc1cc(-c2c(-c3cncc4[nH]ccc34)cccc2N(C)C)nc2c1cnn2C1=NN=CC1,450.50600000000026,4.352300000000003,96.58000000000001
COc1cc(-c2c(-c3cncc4[nH]ccc34)cccc2N2CCOC[C@H]2C)c2cnn(C3=NN=CC3)c2n1,506.5700000000004,4.511400000000004,105.80999999999999
COc1cc(-c2c(-c3cncc4[nH]ccc34)cccc2N2CCOC[C@H]2C)nc2c1cnn2C1=NN=CC1,506.5700000000004,4.511400000000004,105.81
COc1cc(-c2c(-c3cncc4[nH]ccc34)cccc2[C@]2(O)C[C@H]3CC[C@@H](C2)O3)c2cnn(C3=NN=CC3)c2n1,533.5920000000003,4.815300000000004,122.8
COc1cc(-c2c(-c3cncc4[nH]ccc34)cccc2[C@]2(O)C[C@H]3CC[C@@H](C2)O3)nc2c1cnn2C1=NN=CC1,533.5920000000003,4.815300000000004,122.80000000000001
COc1cc(-c2c(C3([S@](C)(=N)=O)CC3)cccc2[C@]2(O)C[C@H]3CC[C@@H](C2)O3)c2cnn(C3=NN=CC3)c2n1,534.6420000000003,3.9376700000000024,135.04000000000002
COc1cc(-c2c(C3([S@](C)(=N)=O)CC3)cccc2[C@]2(O)C[C@H]3CC[C@@H](C2)O3)nc2c1cnn2C1=NN=CC1,534.6420000000003,3.9376700000000033,135.04
COc1cc(-c2c(N(C)C)cccc2C2([S@](C)(=N)=O)CC2)c2cnn(C3=NN=CC3)c2n1,451.55600000000027,3.4746700000000024,108.82000000000001
COc1cc(-c2c(N(C)C)cccc2C2([S@](C)(=N)=O)CC2)nc2c1cnn2C1=NN=CC1,451.55600000000027,3.4746700000000024,108.82
COc1cc(-c2c(N(C)C)cccc2N(C)C)c2cnn(C3=NN=CC3)c2n1,377.4520000000001,2.8750000000000018,71.14
COc1cc(-c2c(N(C)C)cccc2N(C)C)nc2c1cnn2C1=NN=CC1,377.45200000000017,2.8750000000000018,71.14
COc1cc(-c2c(N(C)C)cccc2N2CCOC[C@H]2C)c2cnn(C3=NN=CC3)c2n1,433.5160000000002,3.0341000000000014,80.36999999999999
COc1cc(-c2c(N(C)C)cccc2N2CCOC[C@H]2C)nc2c1cnn2C1=NN=CC1,433.5160000000002,3.0341000000000014,80.36999999999999
COc1cc(-c2c(N(C)C)cccc2[C@]2(O)C[C@H]3CC[C@@H](C2)O3)c2cnn(C3=NN=CC3)c2n1,460.5380000000003,3.338000000000002,97.36000000000001
COc1cc(-c2c(N(C)C)cccc2[C@]2(O)C[C@H]3CC[C@@H](C2)O3)nc2c1cnn2C1=NN=CC1,460.5380000000003,3.338000000000002,97.36000000000001
COc1cc(-c2c(N3CCOC[C@H]3C)cccc2C2([S@](C)(=N)=O)CC2)c2cnn(C3=NN=CC3)c2n1,507.62000000000023,3.633770000000002,118.05
COc1cc(-c2c(N3CCOC[C@H]3C)cccc2C2([S@](C)(=N)=O)CC2)nc2c1cnn2C1=NN=CC1,507.62000000000023,3.633770000000002,118.05000000000001
COc1cc(-c2c(N3CCOC[C@H]3C)cccc2N2CCOC[C@H]2C)c2cnn(C3=NN=CC3)c2n1,489.5800000000003,3.193200000000002,89.6
COc1cc(-c2c(N3CCOC[C@H]3C)cccc2N2CCOC[C@H]2C)nc2c1cnn2C1=NN=CC1,489.5800000000003,3.193200000000002,89.6
COc1cc(-c2c(N3CCOC[C@H]3C)cccc2[C@]2(O)C[C@H]3CC[C@@H](C2)O3)c2cnn(C3=NN=CC3)c2n1,516.6020000000003,3.4971000000000023,106.59000000000002
COc1cc(-c2c(N3CCOC[C@H]3C)cccc2[C@]2(O)C[C@H]3CC[C@@H](C2)O3)nc2c1cnn2C1=NN=CC1,516.6020000000002,3.4971000000000023,106.59
COc1cc(-c2c(OC)cccc2-c2ccc(S(=O)(=O)C(C)C)cc2)c2cnn(C3=NN=CC3)c2n1,503.5840000000003,4.600700000000003,108.03000000000002
COc1cc(-c2c(OC)cccc2-c2cnc(C#N)cn2)c2cnn(C3=NN=CC3)c2n1,424.42400000000015,3.080280000000001,123.46
COc1cc(-c2c(OC)cccc2-c2cncc3[nH]ccc23)c2cnn(C3=NN=CC3)c2n1,437.4630000000002,4.294900000000003,102.57000000000001
COc1cc(-c2c(OC)cccc2C2([S@](C)(=N)=O)CC2)c2cnn(C3=NN=CC3)c2n1,438.51300000000026,3.417270000000001,114.81000000000002
COc1cc(-c2c(OC)cccc2N(C)C)c2cnn(C3=NN=CC3)c2n1,364.4090000000001,2.8176000000000005,77.13000000000001
COc1cc(-c2c(OC)cccc2N2CCOC[C@H]2C)c2cnn(C3=NN=CC3)c2n1,420.4730000000001,2.976700000000001,86.36
COc1cc(-c2c(OC)cccc2OC)c2cnn(C3=NN=CC3)c2n1,351.3660000000001,2.7602,83.11999999999999
COc1cc(-c2c(OC)cccc2[C@]2(O)C[C@H]3CC[C@@H](C2)O3)c2cnn(C3=NN=CC3)c2n1,447.49500000000023,3.2806000000000015,103.35000000000001
COc1cc(-c2c([C@]3(O)C[C@H]4CC[C@@H](C3)O4)cccc2[C@]2(O)C[C@H]3CC[C@@H](C2)O3)c2cnn(C3=NN=CC3)c2n1,543.6240000000001,3.801000000000003,123.58
COc1cc(-c2c([C@]3(O)C[C@H]4CC[C@@H](C3)O4)cccc2[C@]2(O)C[C@H]3CC[C@@H](C2)O3)nc2c1cnn2C1=NN=CC1,543.6240000000003,3.801000000000003,123.58000000000001
COc1cc(-c2cc(-c3ccc(N(C)C)cc3)c3cnn(C4=NN=CC4)c3n2)nc2c1cnn2C1=NN=CC1,517.5570000000001,3.8568000000000024,123.33000000000001
COc1cc(-c2cc(C3([S@](C)(=N)=O)CC3)nc3c2cnn3C2=NN=CC2)[nH]n1,398.45200000000006,2.13177,134.26
COc1cc(-c2cc(C3([S@](C)(=N)=O)CC3)nc3c2cnn3C2=NN=CC2)n[nH]1,398.45200000000006,2.13177,134.26000000000002
COc1cc(-c2cc(C3([S@](C)(=N)=O)CC3)nc3c2cnn3C2=NN=CC2)nc(N(C)C)n1,453.53200000000015,2.2646700000000006,134.60000000000002
COc1cc(-c2cc(C3([S@](C)(=N)=O)CC3)nc3c2cnn3C2=NN=CC2)no1,399.4360000000001,2.3966700000000003,131.61
COc1cc(-c2cc(C3([S@](C)(=N)=O)CC3)nc3c2cnn3C2=NN=CC2)on1,399.4360000000001,2.3966700000000003,131.61
COc1cc(-c2cc(CN(C)C)c3cnn(C4=NN=CC4)c3n2)nc2c1cnn2C1=NN=CC1,455.4860000000002,2.1853999999999996,123.33000000000001
COc1cc(-c2cc(N(C)C)c3cnn(C4=NN=CC4)c3n2)nc2c1cnn2C1=NN=CC1,441.45900000000023,2.1898,123.33000000000001
COc1cc(-c2cc(N3CCOC[C@H]3C)c3cnn(C4=NN=CC4)c3n2)nc2c1cnn2C1=NN=CC1,497.5230000000002,2.3489000000000004,132.56
COc1cc(-c2cc(OC)c3cnn(C4=NN=CC4)c3n2)nc2c1cnn2C1=NN=CC1,428.41600000000017,2.1323999999999996,129.32
COc1cc(-c2cc([C@]3(O)C[C@H]4CC[C@@H](C3)O4)nc3c2cnn3C2=NN=CC2)[nH]n1,407.4340000000001,1.9950999999999999,122.8
COc1cc(-c2cc([C@]3(O)C[C@H]4CC[C@@H](C3)O4)nc3c2cnn3C2=NN=CC2)n[nH]1,407.4340000000001,1.9950999999999999,122.80000000000001
COc1cc(-c2cc([C@]3(O)C[C@H]4CC[C@@H](C3)O4)nc3c2cnn3C2=NN=CC2)nc(OC)n1,449.4710000000002,2.0705999999999998,129.13
COc1cc(-c2cc([C@]3(O)C[C@H]4CC[C@@H](C3)O4)nc3c2cnn3C2=NN=CC2)no1,408.4180000000001,2.26,120.15
COc1cc(-c2cc([C@]3(O)C[C@H]4CC[C@@H](C3)O4)nc3c2cnn3C2=NN=CC2)on1,408.4180000000001,2.26,120.15
COc1cc(-c2ccc(-c3cc(C4([S@](C)(=N)=O)CC4)nc4c3cnn4C3=NN=CC3)cc2)[nH]n1,474.55000000000024,3.798770000000002,134.26
COc1cc(-c2ccc(-c3cc(C4([S@](C)(=N)=O)CC4)nc4c3cnn4C3=NN=CC3)cc2)n[nH]1,474.55000000000024,3.798770000000002,134.26000000000002
COc1cc(-c2ccc(-c3cc(C4([S@](C)(=N)=O)CC4)nc4c3cnn4C3=NN=CC3)cc2)no1,475.5340000000003,4.063670000000003,131.61
COc1cc(-c2ccc(-c3cc(C4([S@](C)(=N)=O)CC4)nc4c3cnn4C3=NN=CC3)cc2)on1,475.5340000000003,4.063670000000003,131.61
COc1cc(-c2ccc(-c3cc([C@]4(O)C[C@H]5CC[C@@H](C4)O5)nc4c3cnn4C3=NN=CC3)cc2)[nH]n1,483.53200000000015,3.6621000000000015,122.8
COc1cc(-c2ccc(-c3cc([C@]4(O)C[C@H]5CC[C@@H](C4)O5)nc4c3cnn4C3=NN=CC3)cc2)n[nH]1,483.53200000000015,3.6621000000000015,122.80000000000001
COc1cc(-c2ccc(-c3cc([C@]4(O)C[C@H]5CC[C@@H](C4)O5)nc4c3cnn4C3=NN=CC3)cc2)no1,484.5160000000002,3.9270000000000023,120.15
COc1cc(-c2ccc(-c3cc([C@]4(O)C[C@H]5CC[C@@H](C4)O5)nc4c3cnn4C3=NN=CC3)cc2)on1,484.5160000000002,3.9270000000000023,120.15
COc1cc(C2([S@](C)(=N)=O)CC2)nc2c1cnn2C1=NN=CC1,332.38900000000007,1.7416699999999998,105.58000000000001
COc1cc(N(C)C)nc(-c2cc(C3([S@](C)(=N)=O)CC3)nc3c2cnn3C2=NN=CC2)n1,453.53200000000027,2.2646699999999997,134.60000000000002
COc1cc(Nc2cc([C@]3(O)C[C@H]4CC[C@@H](C3)O4)nc3c2cnn3C2=NN=CC2)[nH]n1,422.44900000000007,2.0717,134.82999999999998
COc1cc(Nc2cc([C@]3(O)C[C@H]4CC[C@@H](C3)O4)nc3c2cnn3C2=NN=CC2)n[nH]1,422.44900000000007,2.0717,134.83
COc1cc(Nc2cc([C@]3(O)C[C@H]4CC[C@@H](C3)O4)nc3c2cnn3C2=NN=CC2)no1,423.4330000000001,2.3366,132.18
COc1cc(Nc2cc([C@]3(O)C[C@H]4CC[C@@H](C3)O4)nc3c2cnn3C2=NN=CC2)on1,423.4330000000001,2.3366,132.18
COc1cc([C@]2(O)C[C@H]3CC[C@@H](C2)O3)nc2c1cnn2C1=NN=CC1,341.37100000000004,1.6049999999999998,94.12
COc1ccc(-c2cc(-c3cc(C4([S@](C)(=N)=O)CC4)nc4c3cnn4C3=NN=CC3)[nH]n2)cc1,474.55000000000024,3.798770000000002,134.26
COc1ccc(-c2cc(-c3cc(C4([S@](C)(=N)=O)CC4)nc4c3cnn4C3=NN=CC3)n[nH]2)cc1,474.55000000000024,3.798770000000002,134.26000000000002
COc1ccc(-c2cc(-c3cc(C4([S@](C)(=N)=O)CC4)nc4c3cnn4C3=NN=CC3)no2)cc1,475.5340000000003,4.063670000000003,131.61
COc1ccc(-c2cc(-c3cc(C4([S@](C)(=N)=O)CC4)nc4c3cnn4C3=NN=CC3)on2)cc1,475.5340000000003,4.063670000000003,131.61
COc1ccc(-c2cc(-c3cc(N(C)C)c4cnn(C5=NN=CC5)c4n3)nc3c2cnn3C2=NN=CC2)cc1,517.5570000000002,3.8568000000000024,123.33000000000001
COc1ccc(-c2cc(-c3cc(OC)c4cnn(C5=NN=CC5)c4n3)nc3c2cnn3C2=NN=CC2)cc1,504.51400000000024,3.799400000000002,129.32
COc1ccc(-c2cc(-c3cc([C@]4(O)C[C@H]5CC[C@@H](C4)O5)nc4c3cnn4C3=NN=CC3)[nH]n2)cc1,483.53200000000015,3.6621000000000015,122.8
COc1ccc(-c2cc(-c3cc([C@]4(O)C[C@H]5CC[C@@H](C4)O5)nc4c3cnn4C3=NN=CC3)n[nH]2)cc1,483.53200000000015,3.6621000000000015,122.80000000000001
COc1ccc(-c2cc(-c3cc([C@]4(O)C[C@H]5CC[C@@H](C4)O5)nc4c3cnn4C3=NN=CC3)no2)cc1,484.5160000000002,3.9270000000000023,120.15
COc1ccc(-c2cc(-c3cc([C@]4(O)C[C@H]5CC[C@@H](C4)O5)nc4c3cnn4C3=NN=CC3)on2)cc1,484.5160000000002,3.9270000000000023,120.15
COc1ccc(-c2cc(C3([S@](C)(=N)=O)CC3)nc3c2cnn3C2=NN=CC2)cc1,408.48700000000014,3.4086700000000016,105.58000000000001
COc1ccc(-c2cc([C@]3(O)C[C@H]4CC[C@@H](C3)O4)nc3c2cnn3C2=NN=CC2)cc1,417.4690000000001,3.272000000000001,94.12
COc1ccc(-c2ccc(-c3cc(C4([S@](C)(=N)=O)CC4)nc4c3cnn4C3=NN=CC3)cc2)cc1,484.58500000000026,5.075670000000004,105.58000000000001
COc1ccc(-c2ccc(-c3cc([C@]4(O)C[C@H]5CC[C@@H](C4)O5)nc4c3cnn4C3=NN=CC3)cc2)cc1,493.5670000000002,4.9390000000000045,94.12
COc1ccc(Nc2cc(C3([S@](C)(=N)=O)CC3)nc3c2cnn3C2=NN=CC2)cc1,423.5020000000001,3.4852700000000016,117.60999999999999
COc1ccc(Nc2cc([C@]3(O)C[C@H]4CC[C@@H](C3)O4)nc3c2cnn3C2=NN=CC2)cc1,432.4840000000001,3.348600000000002,106.15
COc1ccc(Oc2cc(C3([S@](C)(=N)=O)CC3)nc3c2cnn3C2=NN=CC2)cc1,424.4860000000001,3.533970000000002,114.81
COc1cccc(-c2cc(C3([S@](C)(=N)=O)CC3)nc3c2cnn3C2=NN=CC2)c1-c1cncc2[nH]ccc12,524.6100000000001,4.951970000000004,134.26000000000002
COc1cccc(-c2cc(C3([S@](C)(=N)=O)CC3)nc3c2cnn3C2=NN=CC2)c1N(C)C,451.55600000000015,3.4746700000000024,108.82000000000001
COc1cccc(-c2cc(C3([S@](C)(=N)=O)CC3)nc3c2cnn3C2=NN=CC2)c1N1CCOC[C@H]1C,507.6200000000003,3.633770000000003,118.05000000000001
COc1cccc(-c2cc(C3([S@](C)(=N)=O)CC3)nc3c2cnn3C2=NN=CC2)c1OC,438.51300000000015,3.417270000000002,114.81000000000002
COc1cccc(-c2cc(C3([S@](C)(=N)=O)CC3)nc3c2cnn3C2=NN=CC2)c1[C@]1(O)C[C@H]2CC[C@@H](C1)O2,534.6420000000003,3.9376700000000033,135.04000000000002
COc1cccc(-c2cc([C@]3(O)C[C@H]4CC[C@@H](C3)O4)nc3c2cnn3C2=NN=CC2)c1-c1cncc2[nH]ccc12,533.5920000000002,4.815300000000003,122.80000000000001
COc1cccc(-c2cc([C@]3(O)C[C@H]4CC[C@@H](C3)O4)nc3c2cnn3C2=NN=CC2)c1C1([S@](C)(=N)=O)CC1,534.642,3.9376700000000024,135.04
COc1cccc(-c2cc([C@]3(O)C[C@H]4CC[C@@H](C3)O4)nc3c2cnn3C2=NN=CC2)c1N(C)C,460.5380000000002,3.338000000000001,97.36
COc1cccc(-c2cc([C@]3(O)C[C@H]4CC[C@@H](C3)O4)nc3c2cnn3C2=NN=CC2)c1N1CCOC[C@H]1C,516.6020000000003,3.4971000000000014,106.59
COc1cccc(-c2cc([C@]3(O)C[C@H]4CC[C@@H](C3)O4)nc3c2cnn3C2=NN=CC2)c1OC,447.4950000000002,3.2806000000000015,103.35000000000001
COc1cccc(-c2cc([C@]3(O)C[C@H]4CC[C@@H](C3)O4)nc3c2cnn3C2=NN=CC2)c1[C@]1(O)C[C@H]2CC[C@@H](C1)O2,543.6240000000003,3.801000000000002,123.58000000000001
COc1cccc(-c2ccc(S(=O)(=O)C(C)C)cc2)c1-c1cc(N(C)C)c2cnn(C3=NN=CC3)c2n1,516.6270000000002,4.658100000000004,102.04
COc1cccc(-c2ccc(S(=O)(=O)C(C)C)cc2)c1-c1cc(N(C)C)nc2c1cnn2C1=NN=CC1,516.6270000000002,4.658100000000004,102.04000000000002
COc1cccc(-c2ccc(S(=O)(=O)C(C)C)cc2)c1-c1cc(N2CCOC[C@H]2C)c2cnn(C3=NN=CC3)c2n1,572.6910000000001,4.817200000000004,111.27
COc1cccc(-c2ccc(S(=O)(=O)C(C)C)cc2)c1-c1cc(N2CCOC[C@H]2C)nc2c1cnn2C1=NN=CC1,572.6910000000001,4.817200000000004,111.27000000000001
COc1cccc(-c2ccc(S(=O)(=O)C(C)C)cc2)c1-c1cc(OC)c2cnn(C3=NN=CC3)c2n1,503.58400000000023,4.600700000000004,108.03000000000002
COc1cccc(-c2cnc(C#N)cn2)c1-c1cc(N(C)C)c2cnn(C3=NN=CC3)c2n1,437.46700000000016,3.1376800000000014,117.47000000000001
COc1cccc(-c2cnc(C#N)cn2)c1-c1cc(N(C)C)nc2c1cnn2C1=NN=CC1,437.46700000000016,3.1376800000000014,117.47
COc1cccc(-c2cnc(C#N)cn2)c1-c1cc(N2CCOC[C@H]2C)c2cnn(C3=NN=CC3)c2n1,493.5310000000003,3.296780000000002,126.7
COc1cccc(-c2cnc(C#N)cn2)c1-c1cc(N2CCOC[C@H]2C)nc2c1cnn2C1=NN=CC1,493.5310000000003,3.296780000000001,126.69999999999999
COc1cccc(-c2cnc(C#N)cn2)c1-c1cc(OC)c2cnn(C3=NN=CC3)c2n1,424.42400000000015,3.080280000000001,123.46
COc1cccc(-c2cncc3[nH]ccc23)c1-c1cc(C2([S@](C)(=N)=O)CC2)c2cnn(C3=NN=CC3)c2n1,524.6100000000002,4.951970000000004,134.26
COc1cccc(-c2cncc3[nH]ccc23)c1-c1cc(C2([S@](C)(=N)=O)CC2)nc2c1cnn2C1=NN=CC1,524.6100000000002,4.951970000000004,134.26
COc1cccc(-c2cncc3[nH]ccc23)c1-c1cc(N(C)C)c2cnn(C3=NN=CC3)c2n1,450.5060000000002,4.352300000000003,96.58
COc1cccc(-c2cncc3[nH]ccc23)c1-c1cc(N(C)C)nc2c1cnn2C1=NN=CC1,450.5060000000002,4.352300000000003,96.58000000000001
COc1cccc(-c2cncc3[nH]ccc23)c1-c1cc(N2CCOC[C@H]2C)c2cnn(C3=NN=CC3)c2n1,506.57000000000033,4.511400000000004,105.80999999999999
COc1cccc(-c2cncc3[nH]ccc23)c1-c1cc(N2CCOC[C@H]2C)nc2c1cnn2C1=NN=CC1,506.57000000000033,4.511400000000004,105.81
COc1cccc(-c2cncc3[nH]ccc23)c1-c1cc(OC)c2cnn(C3=NN=CC3)c2n1,437.4630000000002,4.294900000000004,102.57000000000001
COc1cccc(-c2cncc3[nH]ccc23)c1-c1cc([C@]2(O)C[C@H]3CC[C@@H](C2)O3)c2cnn(C3=NN=CC3)c2n1,533.5920000000003,4.815300000000004,122.8
COc1cccc(-c2cncc3[nH]ccc23)c1-c1cc([C@]2(O)C[C@H]3CC[C@@H](C2)O3)nc2c1cnn2C1=NN=CC1,533.5920000000003,4.815300000000004,122.80000000000001
COc1cccc(C2([S@](C)(=N)=O)CC2)c1-c1cc(-c2cncc3[nH]ccc23)c2cnn(C3=NN=CC3)c2n1,524.6100000000001,4.951970000000004,134.26
COc1cccc(C2([S@](C)(=N)=O)CC2)c1-c1cc(-c2cncc3[nH]ccc23)nc2c1cnn2C1=NN=CC1,524.6100000000001,4.951970000000004,134.26
COc1cccc(C2([S@](C)(=N)=O)CC2)c1-c1cc(N(C)C)c2cnn(C3=NN=CC3)c2n1,451.55600000000015,3.4746700000000024,108.82000000000001
COc1cccc(C2([S@](C)(=N)=O)CC2)c1-c1cc(N(C)C)nc2c1cnn2C1=NN=CC1,451.55600000000015,3.4746700000000024,108.82
COc1cccc(C2([S@](C)(=N)=O)CC2)c1-c1cc(N2CCOC[C@H]2C)c2cnn(C3=NN=CC3)c2n1,507.6200000000003,3.633770000000003,118.05
COc1cccc(C2([S@](C)(=N)=O)CC2)c1-c1cc(N2CCOC[C@H]2C)nc2c1cnn2C1=NN=CC1,507.6200000000003,3.633770000000003,118.05000000000001
COc1cccc(C2([S@](C)(=N)=O)CC2)c1-c1cc(OC)c2cnn(C3=NN=CC3)c2n1,438.51300000000015,3.417270000000002,114.80999999999999
COc1cccc(C2([S@](C)(=N)=O)CC2)c1-c1cc([C@]2(O)C[C@H]3CC[C@@H](C2)O3)c2cnn(C3=NN=CC3)c2n1,534.6420000000003,3.9376700000000024,135.04000000000002
COc1cccc(C2([S@](C)(=N)=O)CC2)c1-c1cc([C@]2(O)C[C@H]3CC[C@@H](C2)O3)nc2c1cnn2C1=NN=CC1,534.6420000000003,3.9376700000000024,135.04
COc1cccc(N(C)C)c1-c1cc(-c2ccc(S(=O)(=O)C(C)C)cc2)c2cnn(C3=NN=CC3)c2n1,516.6270000000002,4.658100000000005,102.04
COc1cccc(N(C)C)c1-c1cc(-c2ccc(S(=O)(=O)C(C)C)cc2)nc2c1cnn2C1=NN=CC1,516.6270000000002,4.658100000000005,102.03999999999999
COc1cccc(N(C)C)c1-c1cc(-c2cnc(C#N)cn2)c2cnn(C3=NN=CC3)c2n1,437.46700000000016,3.1376800000000014,117.47000000000001
COc1cccc(N(C)C)c1-c1cc(-c2cnc(C#N)cn2)nc2c1cnn2C1=NN=CC1,437.46700000000016,3.1376800000000014,117.47
COc1cccc(N(C)C)c1-c1cc(-c2cncc3[nH]ccc23)c2cnn(C3=NN=CC3)c2n1,450.50600000000014,4.352300000000003,96.58
COc1cccc(N(C)C)c1-c1cc(-c2cncc3[nH]ccc23)nc2c1cnn2C1=NN=CC1,450.50600000000014,4.352300000000003,96.58000000000001
COc1cccc(N(C)C)c1-c1cc(C2([S@](C)(=N)=O)CC2)c2cnn(C3=NN=CC3)c2n1,451.5560000000002,3.4746700000000024,108.82000000000001
COc1cccc(N(C)C)c1-c1cc(C2([S@](C)(=N)=O)CC2)nc2c1cnn2C1=NN=CC1,451.5560000000002,3.4746700000000024,108.82
COc1cccc(N(C)C)c1-c1cc(N(C)C)c2cnn(C3=NN=CC3)c2n1,377.4520000000001,2.8750000000000018,71.14
COc1cccc(N(C)C)c1-c1cc(N(C)C)nc2c1cnn2C1=NN=CC1,377.4520000000001,2.8750000000000018,71.14
COc1cccc(N(C)C)c1-c1cc(N2CCOC[C@H]2C)c2cnn(C3=NN=CC3)c2n1,433.5160000000002,3.0341000000000014,80.36999999999999
COc1cccc(N(C)C)c1-c1cc(N2CCOC[C@H]2C)nc2c1cnn2C1=NN=CC1,433.5160000000002,3.0341000000000014,80.36999999999999
COc1cccc(N(C)C)c1-c1cc(OC)c2cnn(C3=NN=CC3)c2n1,364.4090000000001,2.8176000000000014,77.13000000000001
COc1cccc(N(C)C)c1-c1cc([C@]2(O)C[C@H]3CC[C@@H](C2)O3)c2cnn(C3=NN=CC3)c2n1,460.53800000000024,3.338000000000002,97.36000000000001
COc1cccc(N(C)C)c1-c1cc([C@]2(O)C[C@H]3CC[C@@H](C2)O3)nc2c1cnn2C1=NN=CC1,460.53800000000024,3.338000000000002,97.36000000000001
COc1cccc(N2CCOC[C@H]2C)c1-c1cc(-c2ccc(S(=O)(=O)C(C)C)cc2)c2cnn(C3=NN=CC3)c2n1,572.691,4.817200000000004,111.27
COc1cccc(N2CCOC[C@H]2C)c1-c1cc(-c2ccc(S(=O)(=O)C(C)C)cc2)nc2c1cnn2C1=NN=CC1,572.691,4.817200000000004,111.27000000000001
COc1cccc(N2CCOC[C@H]2C)c1-c1cc(-c2cnc(C#N)cn2)c2cnn(C3=NN=CC3)c2n1,493.5310000000002,3.296780000000001,126.7
COc1cccc(N2CCOC[C@H]2C)c1-c1cc(-c2cnc(C#N)cn2)nc2c1cnn2C1=NN=CC1,493.5310000000002,3.296780000000001,126.70000000000002
COc1cccc(N2CCOC[C@H]2C)c1-c1cc(-c2cncc3[nH]ccc23)c2cnn(C3=NN=CC3)c2n1,506.57000000000016,4.511400000000004,105.81
COc1cccc(N2CCOC[C@H]2C)c1-c1cc(-c2cncc3[nH]ccc23)nc2c1cnn2C1=NN=CC1,506.57000000000016,4.511400000000004,105.81
COc1cccc(N2CCOC[C@H]2C)c1-c1cc(C2([S@](C)(=N)=O)CC2)c2cnn(C3=NN=CC3)c2n1,507.62000000000023,3.633770000000002,118.05
COc1cccc(N2CCOC[C@H]2C)c1-c1cc(C2([S@](C)(=N)=O)CC2)nc2c1cnn2C1=NN=CC1,507.62000000000023,3.633770000000002,118.05000000000001
COc1cccc(N2CCOC[C@H]2C)c1-c1cc(N(C)C)c2cnn(C3=NN=CC3)c2n1,433.51600000000013,3.0341000000000014,80.37
COc1cccc(N2CCOC[C@H]2C)c1-c1cc(N(C)C)nc2c1cnn2C1=NN=CC1,433.51600000000013,3.0341000000000014,80.37
COc1cccc(N2CCOC[C@H]2C)c1-c1cc(N2CCOC[C@H]2C)c2cnn(C3=NN=CC3)c2n1,489.58000000000027,3.193200000000002,89.6
COc1cccc(N2CCOC[C@H]2C)c1-c1cc(N2CCOC[C@H]2C)nc2c1cnn2C1=NN=CC1,489.58000000000027,3.193200000000002,89.6
COc1cccc(N2CCOC[C@H]2C)c1-c1cc(OC)c2cnn(C3=NN=CC3)c2n1,420.4730000000001,2.976700000000001,86.36
COc1cccc(N2CCOC[C@H]2C)c1-c1cc([C@]2(O)C[C@H]3CC[C@@H](C2)O3)c2cnn(C3=NN=CC3)c2n1,516.6020000000003,3.4971000000000023,106.59000000000002
COc1cccc(N2CCOC[C@H]2C)c1-c1cc([C@]2(O)C[C@H]3CC[C@@H](C2)O3)nc2c1cnn2C1=NN=CC1,516.6020000000002,3.4971000000000023,106.59
COc1cccc(OC)c1-c1cc(-c2ccc(S(=O)(=O)C(C)C)cc2)c2cnn(C3=NN=CC3)c2n1,503.58400000000023,4.600700000000003,108.03000000000002
COc1cccc(OC)c1-c1cc(-c2ccc(S(=O)(=O)C(C)C)cc2)nc2c1cnn2C1=NN=CC1,503.58400000000023,4.600700000000003,108.03
COc1cccc(OC)c1-c1cc(-c2cnc(C#N)cn2)c2cnn(C3=NN=CC3)c2n1,424.42400000000015,3.080280000000001,123.46
COc1cccc(OC)c1-c1cc(-c2cnc(C#N)cn2)nc2c1cnn2C1=NN=CC1,424.42400000000015,3.080280000000001,123.46000000000001
COc1cccc(OC)c1-c1cc(-c2cncc3[nH]ccc23)c2cnn(C3=NN=CC3)c2n1,437.4630000000002,4.294900000000003,102.57000000000001
COc1cccc(OC)c1-c1cc(-c2cncc3[nH]ccc23)nc2c1cnn2C1=NN=CC1,437.4630000000002,4.294900000000003,102.57
COc1cccc(OC)c1-c1cc(C2([S@](C)(=N)=O)CC2)c2cnn(C3=NN=CC3)c2n1,438.51300000000026,3.417270000000001,114.81000000000002
COc1cccc(OC)c1-c1cc(C2([S@](C)(=N)=O)CC2)nc2c1cnn2C1=NN=CC1,438.51300000000026,3.417270000000001,114.81
COc1cccc(OC)c1-c1cc(N(C)C)c2cnn(C3=NN=CC3)c2n1,364.4090000000001,2.8176000000000005,77.13000000000001
COc1cccc(OC)c1-c1cc(N(C)C)nc2c1cnn2C1=NN=CC1,364.4090000000001,2.8176000000000005,77.13000000000001
COc1cccc(OC)c1-c1cc(N2CCOC[C@H]2C)c2cnn(C3=NN=CC3)c2n1,420.4730000000001,2.976700000000001,86.36
COc1cccc(OC)c1-c1cc(N2CCOC[C@H]2C)nc2c1cnn2C1=NN=CC1,420.4730000000001,2.976700000000001,86.36
COc1cccc(OC)c1-c1cc(OC)c2cnn(C3=NN=CC3)c2n1,351.3660000000001,2.7602,83.11999999999999
COc1cccc(OC)c1-c1cc([C@]2(O)C[C@H]3CC[C@@H](C2)O3)c2cnn(C3=NN=CC3)c2n1,447.49500000000023,3.2806000000000015,103.35000000000001
COc1cccc(OC)c1-c1cc([C@]2(O)C[C@H]3CC[C@@H](C2)O3)nc2c1cnn2C1=NN=CC1,447.49500000000023,3.2806000000000015,103.35
COc1cccc([C@]2(O)C[C@H]3CC[C@@H](C2)O3)c1-c1cc(-c2cncc3[nH]ccc23)c2cnn(C3=NN=CC3)c2n1,533.5920000000001,4.815300000000004,122.8
COc1cccc([C@]2(O)C[C@H]3CC[C@@H](C2)O3)c1-c1cc(-c2cncc3[nH]ccc23)nc2c1cnn2C1=NN=CC1,533.5920000000001,4.815300000000004,122.80000000000001
COc1cccc([C@]2(O)C[C@H]3CC[C@@H](C2)O3)c1-c1cc(C2([S@](C)(=N)=O)CC2)c2cnn(C3=NN=CC3)c2n1,534.6420000000002,3.9376700000000024,135.04000000000002
COc1cccc([C@]2(O)C[C@H]3CC[C@@H](C2)O3)c1-c1cc(C2([S@](C)(=N)=O)CC2)nc2c1cnn2C1=NN=CC1,534.6420000000002,3.9376700000000024,135.04
COc1cccc([C@]2(O)C[C@H]3CC[C@@H](C2)O3)c1-c1cc(N(C)C)c2cnn(C3=NN=CC3)c2n1,460.5380000000001,3.338000000000002,97.36
COc1cccc([C@]2(O)C[C@H]3CC[C@@H](C2)O3)c1-c1cc(N(C)C)nc2c1cnn2C1=NN=CC1,460.5380000000001,3.338000000000002,97.36000000000001
COc1cccc([C@]2(O)C[C@H]3CC[C@@H](C2)O3)c1-c1cc(N2CCOC[C@H]2C)c2cnn(C3=NN=CC3)c2n1,516.6020000000002,3.4971000000000023,106.58999999999999
COc1cccc([C@]2(O)C[C@H]3CC[C@@H](C2)O3)c1-c1cc(N2CCOC[C@H]2C)nc2c1cnn2C1=NN=CC1,516.6020000000002,3.4971000000000023,106.59
COc1cccc([C@]2(O)C[C@H]3CC[C@@H](C2)O3)c1-c1cc(OC)c2cnn(C3=NN=CC3)c2n1,447.4950000000001,3.2806000000000015,103.35000000000001
COc1cccc([C@]2(O)C[C@H]3CC[C@@H](C2)O3)c1-c1cc([C@]2(O)C[C@H]3CC[C@@H](C2)O3)c2cnn(C3=NN=CC3)c2n1,543.6240000000001,3.801000000000002,123.58
COc1cccc([C@]2(O)C[C@H]3CC[C@@H](C2)O3)c1-c1cc([C@]2(O)C[C@H]3CC[C@@H](C2)O3)nc2c1cnn2C1=NN=CC1,543.6240000000001,3.801000000000003,123.58000000000001
COc1nc(-c2cc(C3([S@](C)(=N)=O)CC3)nc3c2cnn3C2=NN=CC2)cc(N(C)C)n1,453.53200000000015,2.2646699999999997,134.6
C[C@@H]1COCCN1Cc1cc(-c2cc(C3([S@](C)(=N)=O)CC3)nc3c2cnn3C2=NN=CC2)[nH]n1,481.58600000000024,2.34387,137.5
C[C@@H]1COCCN1Cc1cc(-c2cc(C3([S@](C)(=N)=O)CC3)nc3c2cnn3C2=NN=CC2)n[nH]1,481.58600000000024,2.34387,137.5
C[C@@H]1COCCN1Cc1cc(-c2cc(C3([S@](C)(=N)=O)CC3)nc3c2cnn3C2=NN=CC2)no1,482.5700000000003,2.6087700000000007,134.85
C[C@@H]1COCCN1Cc1cc(-c2cc(C3([S@](C)(=N)=O)CC3)nc3c2cnn3C2=NN=CC2)on1,482.5700000000003,2.6087700000000007,134.85
C[C@@H]1COCCN1Cc1cc(-c2cc([C@]3(O)C[C@H]4CC[C@@H](C3)O4)nc3c2cnn3C2=NN=CC2)[nH]n1,490.56800000000027,2.2072,126.04
C[C@@H]1COCCN1Cc1cc(-c2cc([C@]3(O)C[C@H]4CC[C@@H](C3)O4)nc3c2cnn3C2=NN=CC2)n[nH]1,490.56800000000027,2.2072,126.04000000000002
C[C@@H]1COCCN1Cc1cc(-c2cc([C@]3(O)C[C@H]4CC[C@@H](C3)O4)nc3c2cnn3C2=NN=CC2)no1,491.5520000000003,2.4721,123.39000000000001
C[C@@H]1COCCN1Cc1cc(-c2cc([C@]3(O)C[C@H]4CC[C@@H](C3)O4)nc3c2cnn3C2=NN=CC2)on1,491.5520000000003,2.4721,123.39000000000001
C[C@@H]1COCCN1Cc1cc(C2([S@](C)(=N)=O)CC2)nc2c1cnn2C1=NN=CC1,415.5230000000002,1.9537699999999996,108.82
C[C@@H]1COCCN1Cc1ccc(-c2cc(C3([S@](C)(=N)=O)CC3)nc3c2cnn3C2=NN=CC2)cc1,491.62100000000027,3.620770000000002,108.82
C[C@@H]1COCCN1Cc1ccc(-c2cc([C@]3(O)C[C@H]4CC[C@@H](C3)O4)nc3c2cnn3C2=NN=CC2)cc1,500.6030000000003,3.4841000000000024,97.36000000000001
C[C@@H]1COCCN1[C@H](C)COc1cc(C2([S@](C)(=N)=O)CC2)nc2c1cnn2C1=NN=CC1,459.5760000000002,2.22107,118.05000000000001
C[C@@H]1COCCN1c1c(-c2cc(C3([S@](C)(=N)=O)CC3)nc3c2cnn3C2=NN=CC2)cccc1N(C)C,520.6630000000004,3.6911700000000023,112.05999999999999
C[C@@H]1COCCN1c1c(-c2cc(C3([S@](C)(=N)=O)CC3)nc3c2cnn3C2=NN=CC2)cccc1[C@]1(O)C[C@H]2CC[C@@H](C1)O2,603.7490000000001,4.154170000000003,138.27999999999997
C[C@@H]1COCCN1c1c(-c2cc([C@]3(O)C[C@H]4CC[C@@H](C3)O4)nc3c2cnn3C2=NN=CC2)cccc1C1([S@](C)(=N)=O)CC1,603.749,4.154170000000003,138.28
C[C@@H]1COCCN1c1c(-c2cc([C@]3(O)C[C@H]4CC[C@@H](C3)O4)nc3c2cnn3C2=NN=CC2)cccc1N(C)C,529.6450000000002,3.5545000000000027,100.60000000000001
C[C@@H]1COCCN1c1c(-c2cc([C@]3(O)C[C@H]4CC[C@@H](C3)O4)nc3c2cnn3C2=NN=CC2)cccc1[C@]1(O)C[C@H]2CC[C@@H](C1)O2,612.731,4.017500000000003,126.82000000000002
C[C@@H]1COCCN1c1cc(-c2c(-c3cnc(C#N)cn3)cccc2N(C)C)c2cnn(C3=NN=CC3)c2n1,506.57400000000024,3.354180000000002,120.71
C[C@@H]1COCCN1c1cc(-c2c(-c3cnc(C#N)cn3)cccc2N(C)C)nc2c1cnn2C1=NN=CC1,506.57400000000024,3.354180000000002,120.71000000000001
C[C@@H]1COCCN1c1cc(-c2c(-c3cncc4[nH]ccc34)cccc2N(C)C)c2cnn(C3=NN=CC3)c2n1,519.6130000000003,4.568800000000003,99.82
C[C@@H]1COCCN1c1cc(-c2c(-c3cncc4[nH]ccc34)cccc2N(C)C)nc2c1cnn2C1=NN=CC1,519.6130000000002,4.568800000000003,99.82
C[C@@H]1COCCN1c1cc(-c2c(-c3cncc4[nH]ccc34)cccc2N2CCOC[C@H]2C)c2cnn(C3=NN=CC3)c2n1,575.6770000000001,4.7279000000000035,109.05
C[C@@H]1COCCN1c1cc(-c2c(C3([S@](C)(=N)=O)CC3)cccc2[C@]2(O)C[C@H]3CC[C@@H](C2)O3)c2cnn(C3=NN=CC3)c2n1,603.7490000000001,4.154170000000003,138.28000000000003
C[C@@H]1COCCN1c1cc(-c2c(C3([S@](C)(=N)=O)CC3)cccc2[C@]2(O)C[C@H]3CC[C@@H](C2)O3)nc2c1cnn2C1=NN=CC1,603.7490000000001,4.154170000000003,138.28
C[C@@H]1COCCN1c1cc(-c2c(N(C)C)cccc2C2([S@](C)(=N)=O)CC2)c2cnn(C3=NN=CC3)c2n1,520.6630000000002,3.6911700000000023,112.06000000000002
C[C@@H]1COCCN1c1cc(-c2c(N(C)C)cccc2C2([S@](C)(=N)=O)CC2)nc2c1cnn2C1=NN=CC1,520.6630000000002,3.6911700000000023,112.06
C[C@@H]1COCCN1c1cc(-c2c(N(C)C)cccc2N(C)C)c2cnn(C3=NN=CC3)c2n1,446.5590000000002,3.0915000000000017,74.38
C[C@@H]1COCCN1c1cc(-c2c(N(C)C)cccc2N(C)C)nc2c1cnn2C1=NN=CC1,446.5590000000002,3.0915000000000017,74.38
C[C@@H]1COCCN1c1cc(-c2c(N(C)C)cccc2N2CCOC[C@H]2C)c2cnn(C3=NN=CC3)c2n1,502.62300000000033,3.250600000000002,83.61
C[C@@H]1COCCN1c1cc(-c2c(N(C)C)cccc2[C@]2(O)C[C@H]3CC[C@@H](C2)O3)c2cnn(C3=NN=CC3)c2n1,529.6450000000003,3.5545000000000027,100.6
C[C@@H]1COCCN1c1cc(-c2c(N(C)C)cccc2[C@]2(O)C[C@H]3CC[C@@H](C2)O3)nc2c1cnn2C1=NN=CC1,529.6450000000003,3.5545000000000027,100.6
C[C@@H]1COCCN1c1cc(-c2c(N3CCOC[C@H]3C)cccc2C2([S@](C)(=N)=O)CC2)c2cnn(C3=NN=CC3)c2n1,576.7270000000001,3.8502700000000027,121.29
C[C@@H]1COCCN1c1cc(-c2c(N3CCOC[C@H]3C)cccc2N2CCOC[C@H]2C)c2cnn(C3=NN=CC3)c2n1,558.6870000000001,3.4097000000000026,92.84
C[C@@H]1COCCN1c1cc(-c2c(N3CCOC[C@H]3C)cccc2[C@]2(O)C[C@H]3CC[C@@H](C2)O3)c2cnn(C3=NN=CC3)c2n1,585.7090000000001,3.713600000000003,109.83
C[C@@H]1COCCN1c1cc(-c2c([C@]3(O)C[C@H]4CC[C@@H](C3)O4)cccc2[C@]2(O)C[C@H]3CC[C@@H](C2)O3)c2cnn(C3=NN=CC3)c2n1,612.731,4.017500000000003,126.82000000000001
C[C@@H]1COCCN1c1cc(-c2c([C@]3(O)C[C@H]4CC[C@@H](C3)O4)cccc2[C@]2(O)C[C@H]3CC[C@@H](C2)O3)nc2c1cnn2C1=NN=CC1,612.7310000000001,4.017500000000003,126.82000000000002
C[C@@H]1COCCN1c1cc(-c2cc(C3([S@](C)(=N)=O)CC3)nc3c2cnn3C2=NN=CC2)[nH]n1,467.55900000000025,2.3482699999999994,137.5
C[C@@H]1COCCN1c1cc(-c2cc(C3([S@](C)(=N)=O)CC3)nc3c2cnn3C2=NN=CC2)n[nH]1,467.55900000000025,2.3482699999999994,137.5
C[C@@H]1COCCN1c1cc(-c2cc(C3([S@](C)(=N)=O)CC3)nc3c2cnn3C2=NN=CC2)no1,468.5430000000003,2.61317,134.85
C[C@@H]1COCCN1c1cc(-c2cc(C3([S@](C)(=N)=O)CC3)nc3c2cnn3C2=NN=CC2)on1,468.5430000000003,2.61317,134.85
C[C@@H]1COCCN1c1cc(-c2cc([C@]3(O)C[C@H]4CC[C@@H](C3)O4)nc3c2cnn3C2=NN=CC2)[nH]n1,476.5410000000002,2.2116,126.04
C[C@@H]1COCCN1c1cc(-c2cc([C@]3(O)C[C@H]4CC[C@@H](C3)O4)nc3c2cnn3C2=NN=CC2)n[nH]1,476.5410000000002,2.2116,126.04000000000002
C[C@@H]1COCCN1c1cc(-c2cc([C@]3(O)C[C@H]4CC[C@@H](C3)O4)nc3c2cnn3C2=NN=CC2)no1,477.52500000000026,2.4765000000000006,123.39000000000001
C[C@@H]1COCCN1c1cc(-c2cc([C@]3(O)C[C@H]4CC[C@@H](C3)O4)nc3c2cnn3C2=NN=CC2)on1,477.52500000000026,2.4765000000000006,123.39000000000001
C[C@@H]1COCCN1c1cc(-c2ccc(-c3cc(C4([S@](C)(=N)=O)CC4)nc4c3cnn4C3=NN=CC3)cc2)[nH]n1,543.6570000000003,4.015270000000002,137.5
C[C@@H]1COCCN1c1cc(-c2ccc(-c3cc(C4([S@](C)(=N)=O)CC4)nc4c3cnn4C3=NN=CC3)cc2)n[nH]1,543.6570000000003,4.015270000000002,137.5
C[C@@H]1COCCN1c1cc(-c2ccc(-c3cc(C4([S@](C)(=N)=O)CC4)nc4c3cnn4C3=NN=CC3)cc2)no1,544.6410000000003,4.280170000000003,134.85
C[C@@H]1COCCN1c1cc(-c2ccc(-c3cc(C4([S@](C)(=N)=O)CC4)nc4c3cnn4C3=NN=CC3)cc2)on1,544.6410000000003,4.280170000000003,134.85
C[C@@H]1COCCN1c1cc(-c2ccc(-c3cc([C@]4(O)C[C@H]5CC[C@@H](C4)O5)nc4c3cnn4C3=NN=CC3)cc2)[nH]n1,552.6390000000004,3.8786000000000023,126.04
C[C@@H]1COCCN1c1cc(-c2ccc(-c3cc([C@]4(O)C[C@H]5CC[C@@H](C4)O5)nc4c3cnn4C3=NN=CC3)cc2)n[nH]1,552.6390000000004,3.8786000000000023,126.04000000000002
C[C@@H]1COCCN1c1cc(-c2ccc(-c3cc([C@]4(O)C[C@H]5CC[C@@H](C4)O5)nc4c3cnn4C3=NN=CC3)cc2)no1,553.6230000000004,4.143500000000003,123.39000000000001
C[C@@H]1COCCN1c1cc(-c2ccc(-c3cc([C@]4(O)C[C@H]5CC[C@@H](C4)O5)nc4c3cnn4C3=NN=CC3)cc2)on1,553.6230000000004,4.143500000000003,123.39000000000001
C[C@@H]1COCCN1c1cc(C2([S@](C)(=N)=O)CC2)nc2c1cnn2C1=NN=CC1,401.4960000000001,1.95817,108.82
C[C@@H]1COCCN1c1cc(Nc2cc([C@]3(O)C[C@H]4CC[C@@H](C3)O4)nc3c2cnn3C2=NN=CC2)[nH]n1,491.55600000000027,2.2882,138.07
C[C@@H]1COCCN1c1cc(Nc2cc([C@]3(O)C[C@H]4CC[C@@H](C3)O4)nc3c2cnn3C2=NN=CC2)n[nH]1,491.55600000000027,2.2882,138.07000000000002
C[C@@H]1COCCN1c1cc(Nc2cc([C@]3(O)C[C@H]4CC[C@@H](C3)O4)nc3c2cnn3C2=NN=CC2)no1,492.5400000000003,2.5531000000000006,135.42000000000002
C[C@@H]1COCCN1c1cc(Nc2cc([C@]3(O)C[C@H]4CC[C@@H](C3)O4)nc3c2cnn3C2=NN=CC2)on1,492.5400000000003,2.5531000000000006,135.42000000000002
C[C@@H]1COCCN1c1cc([C@]2(O)C[C@H]3CC[C@@H](C2)O3)nc2c1cnn2C1=NN=CC1,410.4780000000001,1.8215,97.36000000000001
C[C@@H]1COCCN1c1ccc(-c2cc(-c3cc(C4([S@](C)(=N)=O)CC4)nc4c3cnn4C3=NN=CC3)[nH]n2)cc1,543.6570000000003,4.015270000000002,137.5
C[C@@H]1COCCN1c1ccc(-c2cc(-c3cc(C4([S@](C)(=N)=O)CC4)nc4c3cnn4C3=NN=CC3)n[nH]2)cc1,543.6570000000003,4.015270000000002,137.5
C[C@@H]1COCCN1c1ccc(-c2cc(-c3cc(C4([S@](C)(=N)=O)CC4)nc4c3cnn4C3=NN=CC3)no2)cc1,544.6410000000003,4.280170000000003,134.85
C[C@@H]1COCCN1c1ccc(-c2cc(-c3cc(C4([S@](C)(=N)=O)CC4)nc4c3cnn4C3=NN=CC3)on2)cc1,544.6410000000003,4.280170000000003,134.85
C[C@@H]1COCCN1c1ccc(-c2cc(-c3cc([C@]4(O)C[C@H]5CC[C@@H](C4)O5)nc4c3cnn4C3=NN=CC3)[nH]n2)cc1,552.6390000000004,3.8786000000000023,126.04
C[C@@H]1COCCN1c1ccc(-c2cc(-c3cc([C@]4(O)C[C@H]5CC[C@@H](C4)O5)nc4c3cnn4C3=NN=CC3)n[nH]2)cc1,552.6390000000004,3.8786000000000023,126.04000000000002
C[C@@H]1COCCN1c1ccc(-c2cc(-c3cc([C@]4(O)C[C@H]5CC[C@@H](C4)O5)nc4c3cnn4C3=NN=CC3)no2)cc1,553.6230000000004,4.143500000000003,123.39000000000001
C[C@@H]1COCCN1c1ccc(-c2cc(-c3cc([C@]4(O)C[C@H]5CC[C@@H](C4)O5)nc4c3cnn4C3=NN=CC3)on2)cc1,553.6230000000003,4.143500000000003,123.39000000000001
C[C@@H]1COCCN1c1ccc(-c2cc(C3([S@](C)(=N)=O)CC3)nc3c2cnn3C2=NN=CC2)cc1,477.5940000000002,3.6251700000000024,108.82
C[C@@H]1COCCN1c1ccc(-c2cc([C@]3(O)C[C@H]4CC[C@@H](C3)O4)nc3c2cnn3C2=NN=CC2)cc1,486.57600000000025,3.488500000000002,97.36000000000001
C[C@@H]1COCCN1c1ccc(Nc2cc(C3([S@](C)(=N)=O)CC3)nc3c2cnn3C2=NN=CC2)cc1,492.60900000000026,3.7017700000000024,120.85
C[C@@H]1COCCN1c1ccc(Nc2cc([C@]3(O)C[C@H]4CC[C@@H](C3)O4)nc3c2cnn3C2=NN=CC2)cc1,501.5910000000003,3.565100000000002,109.39000000000001
C[C@@H]1COCCN1c1ccc(Oc2cc(C3([S@](C)(=N)=O)CC3)nc3c2cnn3C2=NN=CC2)cc1,493.59300000000025,3.7504700000000026,118.05000000000001
C[C@@H]1COCCN1c1cccc(-c2cc(C3([S@](C)(=N)=O)CC3)nc3c2cnn3C2=NN=CC2)c1N(C)C,520.6630000000004,3.691170000000003,112.05999999999999
C[C@@H]1COCCN1c1cccc(-c2cc(C3([S@](C)(=N)=O)CC3)nc3c2cnn3C2=NN=CC2)c1N1CCOC[C@H]1C,576.7270000000002,3.8502700000000036,121.28999999999999
C[C@@H]1COCCN1c1cccc(-c2cc(C3([S@](C)(=N)=O)CC3)nc3c2cnn3C2=NN=CC2)c1[C@]1(O)C[C@H]2CC[C@@H](C1)O2,603.7490000000001,4.154170000000003,138.27999999999997
C[C@@H]1COCCN1c1cccc(-c2cc([C@]3(O)C[C@H]4CC[C@@H](C3)O4)nc3c2cnn3C2=NN=CC2)c1C1([S@](C)(=N)=O)CC1,603.7490000000001,4.154170000000003,138.28
C[C@@H]1COCCN1c1cccc(-c2cc([C@]3(O)C[C@H]4CC[C@@H](C3)O4)nc3c2cnn3C2=NN=CC2)c1N(C)C,529.6450000000003,3.5545000000000027,100.60000000000001
C[C@@H]1COCCN1c1cccc(-c2cc([C@]3(O)C[C@H]4CC[C@@H](C3)O4)nc3c2cnn3C2=NN=CC2)c1N1CCOC[C@H]1C,585.7090000000002,3.713600000000003,109.83000000000001
C[C@@H]1COCCN1c1cccc(-c2cc([C@]3(O)C[C@H]4CC[C@@H](C3)O4)nc3c2cnn3C2=NN=CC2)c1[C@]1(O)C[C@H]2CC[C@@H](C1)O2,612.7310000000001,4.017500000000004,126.82000000000002
C[C@@H]1COCCN1c1cccc(-c2cnc(C#N)cn2)c1-c1cc(N(C)C)c2cnn(C3=NN=CC3)c2n1,506.5740000000003,3.354180000000002,120.71
C[C@@H]1COCCN1c1cccc(-c2cnc(C#N)cn2)c1-c1cc(N(C)C)nc2c1cnn2C1=NN=CC1,506.5740000000003,3.354180000000002,120.71000000000001
C[C@@H]1COCCN1c1cccc(-c2cncc3[nH]ccc23)c1-c1cc(N(C)C)c2cnn(C3=NN=CC3)c2n1,519.6130000000003,4.568800000000003,99.82
C[C@@H]1COCCN1c1cccc(-c2cncc3[nH]ccc23)c1-c1cc(N(C)C)nc2c1cnn2C1=NN=CC1,519.6130000000003,4.568800000000003,99.82
C[C@@H]1COCCN1c1cccc(-c2cncc3[nH]ccc23)c1-c1cc(N2CCOC[C@H]2C)c2cnn(C3=NN=CC3)c2n1,575.6770000000002,4.7279000000000035,109.05
C[C@@H]1COCCN1c1cccc(C2([S@](C)(=N)=O)CC2)c1-c1cc(N(C)C)c2cnn(C3=NN=CC3)c2n1,520.6630000000004,3.6911700000000023,112.06000000000002
C[C@@H]1COCCN1c1cccc(C2([S@](C)(=N)=O)CC2)c1-c1cc(N(C)C)nc2c1cnn2C1=NN=CC1,520.6630000000002,3.691170000000003,112.06
C[C@@H]1COCCN1c1cccc(C2([S@](C)(=N)=O)CC2)c1-c1cc(N2CCOC[C@H]2C)c2cnn(C3=NN=CC3)c2n1,576.7270000000002,3.8502700000000027,121.29
C[C@@H]1COCCN1c1cccc(C2([S@](C)(=N)=O)CC2)c1-c1cc([C@]2(O)C[C@H]3CC[C@@H](C2)O3)c2cnn(C3=NN=CC3)c2n1,603.7490000000001,4.154170000000003,138.28000000000003
C[C@@H]1COCCN1c1cccc(C2([S@](C)(=N)=O)CC2)c1-c1cc([C@]2(O)C[C@H]3CC[C@@H](C2)O3)nc2c1cnn2C1=NN=CC1,603.7490000000001,4.154170000000003,138.28
C[C@@H]1COCCN1c1cccc(N(C)C)c1-c1cc(-c2cnc(C#N)cn2)c2cnn(C3=NN=CC3)c2n1,506.57400000000024,3.354180000000002,120.71
C[C@@H]1COCCN1c1cccc(N(C)C)c1-c1cc(-c2cnc(C#N)cn2)nc2c1cnn2C1=NN=CC1,506.57400000000024,3.354180000000002,120.71000000000001
C[C@@H]1COCCN1c1cccc(N(C)C)c1-c1cc(-c2cncc3[nH]ccc23)c2cnn(C3=NN=CC3)c2n1,519.6130000000002,4.568800000000004,99.82
C[C@@H]1COCCN1c1cccc(N(C)C)c1-c1cc(-c2cncc3[nH]ccc23)nc2c1cnn2C1=NN=CC1,519.6130000000002,4.568800000000004,99.82
C[C@@H]1COCCN1c1cccc(N(C)C)c1-c1cc(C2([S@](C)(=N)=O)CC2)c2cnn(C3=NN=CC3)c2n1,520.6630000000002,3.6911700000000023,112.06000000000002
C[C@@H]1COCCN1c1cccc(N(C)C)c1-c1cc(C2([S@](C)(=N)=O)CC2)nc2c1cnn2C1=NN=CC1,520.6630000000002,3.6911700000000023,112.06
C[C@@H]1COCCN1c1cccc(N(C)C)c1-c1cc(N(C)C)c2cnn(C3=NN=CC3)c2n1,446.5590000000002,3.0915000000000017,74.38
C[C@@H]1COCCN1c1cccc(N(C)C)c1-c1cc(N(C)C)nc2c1cnn2C1=NN=CC1,446.5590000000002,3.0915000000000017,74.38
C[C@@H]1COCCN1c1cccc(N(C)C)c1-c1cc(N2CCOC[C@H]2C)c2cnn(C3=NN=CC3)c2n1,502.62300000000033,3.250600000000002,83.61
C[C@@H]1COCCN1c1cccc(N(C)C)c1-c1cc([C@]2(O)C[C@H]3CC[C@@H](C2)O3)c2cnn(C3=NN=CC3)c2n1,529.6450000000003,3.5545000000000027,100.6
C[C@@H]1COCCN1c1cccc(N(C)C)c1-c1cc([C@]2(O)C[C@H]3CC[C@@H](C2)O3)nc2c1cnn2C1=NN=CC1,529.6450000000003,3.5545000000000027,100.6
C[C@@H]1COCCN1c1cccc(N2CCOC[C@H]2C)c1-c1cc(-c2cncc3[nH]ccc23)c2cnn(C3=NN=CC3)c2n1,575.677,4.7279000000000035,109.05
C[C@@H]1COCCN1c1cccc(N2CCOC[C@H]2C)c1-c1cc(-c2cncc3[nH]ccc23)nc2c1cnn2C1=NN=CC1,575.677,4.7279000000000035,109.04999999999998
C[C@@H]1COCCN1c1cccc(N2CCOC[C@H]2C)c1-c1cc(C2([S@](C)(=N)=O)CC2)c2cnn(C3=NN=CC3)c2n1,576.7270000000001,3.8502700000000027,121.29
C[C@@H]1COCCN1c1cccc(N2CCOC[C@H]2C)c1-c1cc(C2([S@](C)(=N)=O)CC2)nc2c1cnn2C1=NN=CC1,576.7270000000001,3.8502700000000027,121.29000000000002
C[C@@H]1COCCN1c1cccc(N2CCOC[C@H]2C)c1-c1cc(N(C)C)c2cnn(C3=NN=CC3)c2n1,502.6230000000003,3.250600000000002,83.61
C[C@@H]1COCCN1c1cccc(N2CCOC[C@H]2C)c1-c1cc(N(C)C)nc2c1cnn2C1=NN=CC1,502.6230000000003,3.250600000000002,83.61
C[C@@H]1COCCN1c1cccc(N2CCOC[C@H]2C)c1-c1cc(N2CCOC[C@H]2C)c2cnn(C3=NN=CC3)c2n1,558.6870000000002,3.4097000000000026,92.84
C[C@@H]1COCCN1c1cccc(N2CCOC[C@H]2C)c1-c1cc([C@]2(O)C[C@H]3CC[C@@H](C2)O3)c2cnn(C3=NN=CC3)c2n1,585.7090000000002,3.713600000000003,109.83
C[C@@H]1COCCN1c1cccc(N2CCOC[C@H]2C)c1-c1cc([C@]2(O)C[C@H]3CC[C@@H](C2)O3)nc2c1cnn2C1=NN=CC1,585.7090000000002,3.713600000000003,109.83000000000001
C[C@@H]1COCCN1c1cccc([C@]2(O)C[C@H]3CC[C@@H](C2)O3)c1-c1cc(C2([S@](C)(=N)=O)CC2)c2cnn(C3=NN=CC3)c2n1,603.749,4.154170000000003,138.27999999999997
C[C@@H]1COCCN1c1cccc([C@]2(O)C[C@H]3CC[C@@H](C2)O3)c1-c1cc(C2([S@](C)(=N)=O)CC2)nc2c1cnn2C1=NN=CC1,603.749,4.154170000000003,138.28
C[C@@H]1COCCN1c1cccc([C@]2(O)C[C@H]3CC[C@@H](C2)O3)c1-c1cc(N(C)C)c2cnn(C3=NN=CC3)c2n1,529.6450000000002,3.5545000000000027,100.60000000000001
C[C@@H]1COCCN1c1cccc([C@]2(O)C[C@H]3CC[C@@H](C2)O3)c1-c1cc(N(C)C)nc2c1cnn2C1=NN=CC1,529.6450000000002,3.5545000000000027,100.60000000000002
C[C@@H]1COCCN1c1cccc([C@]2(O)C[C@H]3CC[C@@H](C2)O3)c1-c1cc(N2CCOC[C@H]2C)c2cnn(C3=NN=CC3)c2n1,585.7090000000002,3.7136000000000022,109.83
C[C@@H]1COCCN1c1cccc([C@]2(O)C[C@H]3CC[C@@H](C2)O3)c1-c1cc([C@]2(O)C[C@H]3CC[C@@H](C2)O3)c2cnn(C3=NN=CC3)c2n1,612.7310000000001,4.017500000000003,126.82000000000001
C[C@@H]1COCCN1c1cccc([C@]2(O)C[C@H]3CC[C@@H](C2)O3)c1-c1cc([C@]2(O)C[C@H]3CC[C@@H](C2)O3)nc2c1cnn2C1=NN=CC1,612.7310000000001,4.017500000000003,126.82000000000002
C[C@H](CN(C)C)Nc1cc(C2([S@](C)(=N)=O)CC2)nc2c1cnn2C1=NN=CC1,402.52800000000013,2.0950699999999998,111.62
C[C@H](CN(C)C)Nc1cc([C@]2(O)C[C@H]3CC[C@@H](C2)O3)nc2c1cnn2C1=NN=CC1,411.5100000000001,1.9584,100.16
C[C@H](CN(C)C)Oc1cc(C2([S@](C)(=N)=O)CC2)nc2c1cnn2C1=NN=CC1,403.5120000000001,2.0619699999999996,108.82
C[C@H](CN1CCOC[C@H]1C)Nc1cc(C2([S@](C)(=N)=O)CC2)nc2c1cnn2C1=NN=CC1,458.5920000000002,2.2541699999999993,120.85
C[C@H](CN1CCOC[C@H]1C)Nc1cc([C@]2(O)C[C@H]3CC[C@@H](C2)O3)nc2c1cnn2C1=NN=CC1,467.5740000000003,2.117499999999999,109.39000000000001
C[C@H](CN1CCOC[C@H]1C)Oc1cc(C2([S@](C)(=N)=O)CC2)nc2c1cnn2C1=NN=CC1,459.5760000000002,2.22107,118.05000000000001
C[C@H](CNc1cc(C2([S@](C)(=N)=O)CC2)nc2c1cnn2C1=NN=CC1)N(C)C,402.5280000000001,2.09507,111.61999999999999
C[C@H](CNc1cc(C2([S@](C)(=N)=O)CC2)nc2c1cnn2C1=NN=CC1)N1CCOC[C@H]1C,458.5920000000002,2.2541700000000002,120.85
C[C@H](CNc1cc([C@]2(O)C[C@H]3CC[C@@H](C2)O3)nc2c1cnn2C1=NN=CC1)N(C)C,411.5100000000001,1.9584,100.15999999999998
C[C@H](CNc1cc([C@]2(O)C[C@H]3CC[C@@H](C2)O3)nc2c1cnn2C1=NN=CC1)N1CCOC[C@H]1C,467.57400000000024,2.1174999999999997,109.38999999999999
C[C@H](COc1cc(C2([S@](C)(=N)=O)CC2)nc2c1cnn2C1=NN=CC1)N(C)C,403.5120000000001,2.0619699999999996,108.82000000000001
C[S@@](=N)(=O)C1(CNc2cc([C@]3(O)C[C@H]4CC[C@@H](C3)O4)nc3c2cnn3C2=NN=CC2)CC1,457.5600000000003,2.2174699999999996,137.84
C[S@@](=N)(=O)C1(Nc2cc([C@]3(O)C[C@H]4CC[C@@H](C3)O4)nc3c2cnn3C2=NN=CC2)CC1,443.5330000000002,2.17497,137.84
C[S@@](=N)(=O)C1(Nc2ccc(-c3cc([C@]4(O)C[C@H]5CC[C@@H](C4)O5)nc4c3cnn4C3=NN=CC3)cc2)CC1,519.6310000000003,3.8419700000000025,137.84
C[S@@](=N)(=O)C1(Oc2ccc(-c3cc([C@]4(O)C[C@H]5CC[C@@H](C4)O5)nc4c3cnn4C3=NN=CC3)cc2)CC1,520.6150000000004,3.8088700000000033,135.04000000000002
C[S@@](=N)(=O)C1(c2cc(-c3ccc(-c4cncc5[nH]ccc45)cc3)c3cnn(C4=NN=CC4)c3n2)CC1,494.5840000000003,4.943370000000003,125.02999999999999
C[S@@](=N)(=O)C1(c2cc(-c3ccc([C@]4(O)C[C@H]5CC[C@@H](C4)O5)cc3)c3cnn(C4=NN=CC4)c3n2)CC1,504.6160000000003,3.929070000000003,125.81000000000002
C[S@@](=N)(=O)C1(c2cc(-c3cncc4[nH]ccc34)c3cnn(C4=NN=CC4)c3n2)CC1,418.4860000000002,3.276370000000002,125.02999999999999
C[S@@](=N)(=O)C1(c2cc(C3([S@](C)(=N)=O)CC3)c3cnn(C4=NN=CC4)c3n2)CC1,419.5360000000002,2.39874,137.26999999999998
C[S@@](=N)(=O)C1(c2cc(CNc3cncc4[nH]ccc34)c3cnn(C4=NN=CC4)c3n2)CC1,447.52800000000025,3.221470000000002,137.06
C[S@@](=N)(=O)C1(c2cc(COc3cncc4[nH]ccc34)c3cnn(C4=NN=CC4)c3n2)CC1,448.5120000000002,3.1883700000000017,134.26
C[S@@](=N)(=O)C1(c2cc(NC[C@]3(O)C[C@H]4CC[C@@H](C3)O4)c3cnn(C4=NN=CC4)c3n2)CC1,457.56000000000023,2.2174699999999996,137.84000000000003
C[S@@](=N)(=O)C1(c2cc(NCc3cncc4[nH]ccc34)c3cnn(C4=NN=CC4)c3n2)CC1,447.52800000000025,3.221470000000002,137.06
C[S@@](=N)(=O)C1(c2cc(Nc3ccc([C@]4(O)C[C@H]5CC[C@@H](C4)O5)cc3)c3cnn(C4=NN=CC4)c3n2)CC1,519.6310000000003,4.005670000000003,137.84000000000003
C[S@@](=N)(=O)C1(c2cc(Nc3cncc4[nH]ccc34)c3cnn(C4=NN=CC4)c3n2)CC1,433.50100000000026,3.352970000000002,137.06
C[S@@](=N)(=O)C1(c2cc(OC[C@]3(O)C[C@H]4CC[C@@H](C3)O4)c3cnn(C4=NN=CC4)c3n2)CC1,458.5440000000002,2.1843699999999995,135.04000000000002
C[S@@](=N)(=O)C1(c2cc(OCc3cncc4[nH]ccc34)c3cnn(C4=NN=CC4)c3n2)CC1,448.5120000000002,3.1883700000000017,134.26
C[S@@](=N)(=O)C1(c2cc(Oc3ccc([C@]4(O)C[C@H]5CC[C@@H](C4)O5)cc3)c3cnn(C4=NN=CC4)c3n2)CC1,520.6150000000002,4.054370000000003,135.04000000000002
C[S@@](=N)(=O)C1(c2cc(Oc3cncc4[nH]ccc34)c3cnn(C4=NN=CC4)c3n2)CC1,434.48500000000024,3.401670000000001,134.26
C[S@@](=N)(=O)C1(c2cc([C@]3(O)C[C@H]4CC[C@@H](C3)O4)c3cnn(C4=NN=CC4)c3n2)CC1,428.51800000000014,2.2620700000000005,125.81000000000002
C[S@@](=N)(=O)C1(c2cc([C@]3(O)C[C@H]4CC[C@@H](C3)O4)nc3c2cnn3C2=NN=CC2)CC1,428.51800000000014,2.2620700000000005,125.81
C[S@@](=N)(=O)C1(c2ccc(-c3cc(C4([S@](C)(=N)=O)CC4)nc4c3cnn4C3=NN=CC3)cc2)CC1,495.63400000000036,4.0657400000000035,137.27
C[S@@](=N)(=O)C1(c2ccc(-c3cc([C@]4(O)C[C@H]5CC[C@@H](C4)O5)nc4c3cnn4C3=NN=CC3)cc2)CC1,504.6160000000003,3.929070000000003,125.81
C[S@@](=N)(=O)C1(c2ccc(Nc3cc([C@]4(O)C[C@H]5CC[C@@H](C4)O5)nc4c3cnn4C3=NN=CC3)cc2)CC1,519.6310000000003,4.005670000000003,137.84
N#Cc1cnc(-c2cc([C@]3(O)C[C@H]4CC[C@@H](C3)O4)nc3c2cnn3C2=NN=CC2)cn1,414.4290000000001,1.92508,134.45999999999998
N#Cc1cnc(-c2ccc(-c3cc([C@]4(O)C[C@H]5CC[C@@H](C4)O5)nc4c3cnn4C3=NN=CC3)cc2)cn1,490.52700000000016,3.592080000000002,134.45999999999998
O[C@@]1(CNc2cc([C@]3(O)C[C@H]4CC[C@@H](C3)O4)nc3c2cnn3C2=NN=CC2)C[C@H]2CC[C@@H](C1)O2,466.54200000000026,2.0808,126.38000000000001
O[C@@]1(c2cc(-c3cc(-c4cncc5[nH]ccc45)no3)c3cnn(C4=NN=CC4)c3n2)C[C@H]2CC[C@@H](C1)O2,494.5150000000003,3.7947000000000015,139.6
O[C@@]1(c2cc(-c3cc(-c4cncc5[nH]ccc45)on3)c3cnn(C4=NN=CC4)c3n2)C[C@H]2CC[C@@H](C1)O2,494.5150000000003,3.7947000000000015,139.6
O[C@@]1(c2cc(-c3ccc(-c4cncc5[nH]ccc45)cc3)c3cnn(C4=NN=CC4)c3n2)C[C@H]2CC[C@@H](C1)O2,503.5660000000004,4.806700000000005,113.57000000000001
O[C@@]1(c2cc(-c3ccc(Nc4cncc5[nH]ccc45)cc3)c3cnn(C4=NN=CC4)c3n2)C[C@H]2CC[C@@H](C1)O2,518.5810000000004,4.883300000000004,125.6
O[C@@]1(c2cc(-c3ccc(Oc4cncc5[nH]ccc45)cc3)c3cnn(C4=NN=CC4)c3n2)C[C@H]2CC[C@@H](C1)O2,519.5650000000003,4.932000000000005,122.80000000000001
O[C@@]1(c2cc(-c3cncc4[nH]ccc34)c3cnn(C4=NN=CC4)c3n2)C[C@H]2CC[C@@H](C1)O2,427.4680000000003,3.1397000000000013,113.57000000000001
O[C@@]1(c2cc(NCc3cncc4[nH]ccc34)c3cnn(C4=NN=CC4)c3n2)C[C@H]2CC[C@@H](C1)O2,456.51000000000033,3.0848000000000013,125.6
O[C@@]1(c2cc(Nc3ccc(-c4cncc5[nH]ccc45)cc3)c3cnn(C4=NN=CC4)c3n2)C[C@H]2CC[C@@H](C1)O2,518.5810000000004,4.883300000000004,125.6
O[C@@]1(c2cc(Nc3cncc4[nH]ccc34)c3cnn(C4=NN=CC4)c3n2)C[C@H]2CC[C@@H](C1)O2,442.48300000000035,3.2163000000000013,125.6
O[C@@]1(c2cc([C@]3(O)C[C@H]4CC[C@@H](C3)O4)c3cnn(C4=NN=CC4)c3n2)C[C@H]2CC[C@@H](C1)O2,437.5000000000003,2.1254,114.35
O[C@@]1(c2ccc(-c3cc([C@]4(O)C[C@H]5CC[C@@H](C4)O5)nc4c3cnn4C3=NN=CC3)cc2)C[C@H]2CC[C@@H](C1)O2,513.5980000000003,3.7924000000000033,114.35000000000001
O[C@@]1(c2ccc(Nc3cc([C@]4(O)C[C@H]5CC[C@@H](C4)O5)nc4c3cnn4C3=NN=CC3)cc2)C[C@H]2CC[C@@H](C1)O2,528.6130000000003,3.8690000000000033,126.38000000000001
