smiles,source
CNCc1ccc(-c2cc(-c3nc(-c4ccc(S(=O)(=O)C(C)C)cc4)cnc3N)on2)cc1,seed
C[C@@H]1COCCN1c1cc([C@]2(O)C[C@H]3CC[C@@H](C2)O3)c2cnn(C3=NN=CC3)c2n1,seed
C[C@@H]1COCCN1c1cc(C2([S@](C)(=N)=O)CC2)nc(-c2cncc3[nH]ccc23)n1,seed
CC(C)S(=O)(=O)c1ccc(-c2cc(-c3c(N(C)C)cccc3N(C)C)c3cnn(C4=NN=CC4)c3n2)cc1,derivative
CC(C)S(=O)(=O)c1ccc(-c2cc(-c3c(N(C)C)cccc3N(C)C)nc3c2cnn3C2=NN=CC2)cc1,derivative
CC(C)S(=O)(=O)c1ccc(-c2cc(-c3c(N(C)C)cccc3N3CCOC[C@H]3C)c3cnn(C4=NN=CC4)c3n2)cc1,derivative
CC(C)S(=O)(=O)c1ccc(-c2cc(-c3c(N(C)C)cccc3N3CCOC[C@H]3C)nc3c2cnn3C2=NN=CC2)cc1,derivative
CC(C)S(=O)(=O)c1ccc(-c2cc(C3([S@](C)(=N)=O)CC3)nc3c2cnn3C2=NN=CC2)cc1,derivative
CC(C)S(=O)(=O)c1ccc(-c2cc([C@]3(O)C[C@H]4CC[C@@H](C3)O4)nc3c2cnn3C2=NN=CC2)cc1,derivative
CC(C)S(=O)(=O)c1ccc(-c2cccc(N(C)C)c2-c2cc(N(C)C)c3cnn(C4=NN=CC4)c3n2)cc1,derivative
CC(C)S(=O)(=O)c1ccc(-c2cccc(N(C)C)c2-c2cc(N(C)C)nc3c2cnn3C2=NN=CC2)cc1,derivative
CC(C)S(=O)(=O)c1ccc(-c2cccc(N(C)C)c2-c2cc(N3CCOC[C@H]3C)c3cnn(C4=NN=CC4)c3n2)cc1,derivative
CC(C)S(=O)(=O)c1ccc(-c2cccc(N(C)C)c2-c2cc(N3CCOC[C@H]3C)nc3c2cnn3C2=NN=CC2)cc1,derivative
CC(C)S(=O)(=O)c1ccc(-c2cccc(N3CCOC[C@H]3C)c2-c2cc(N(C)C)c3cnn(C4=NN=CC4)c3n2)cc1,derivative
CC(C)S(=O)(=O)c1ccc(-c2cccc(N3CCOC[C@H]3C)c2-c2cc(N(C)C)nc3c2cnn3C2=NN=CC2)cc1,derivative
CC(C)S(=O)(=O)c1ccc(CNc2cc([C@]3(O)C[C@H]4CC[C@@H](C3)O4)nc3c2cnn3C2=NN=CC2)cc1,derivative
CC(C)S(=O)(=O)c1ccc(Nc2cc([C@]3(O)C[C@H]4CC[C@@H](C3)O4)nc3c2cnn3C2=NN=CC2)cc1,derivative
CN(C)Cc1cc(-c2cc(C3([S@](C)(=N)=O)CC3)nc3c2cnn3C2=NN=CC2)[nH]n1,derivative
CN(C)Cc1cc(-c2cc(C3([S@](C)(=N)=O)CC3)nc3c2cnn3C2=NN=CC2)n[nH]1,derivative
CN(C)Cc1cc(-c2cc(C3([S@](C)(=N)=O)CC3)nc3c2cnn3C2=NN=CC2)no1,derivative
CN(C)Cc1cc(-c2cc(C3([S@](C)(=N)=O)CC3)nc3c2cnn3C2=NN=CC2)on1,derivative
CN(C)Cc1cc(-c2cc(N(C)C)c3cnn(C4=NN=CC4)c3n2)nc2c1cnn2C1=NN=CC1,derivative
CN(C)Cc1cc(-c2cc([C@]3(O)C[C@H]4CC[C@@H](C3)O4)nc3c2cnn3C2=NN=CC2)[nH]n1,derivative
CN(C)Cc1cc(-c2cc([C@]3(O)C[C@H]4CC[C@@H](C3)O4)nc3c2cnn3C2=NN=CC2)n[nH]1,derivative
CN(C)Cc1cc(-c2cc([C@]3(O)C[C@H]4CC[C@@H](C3)O4)nc3c2cnn3C2=NN=CC2)no1,derivative
CN(C)Cc1cc(-c2cc([C@]3(O)C[C@H]4CC[C@@H](C3)O4)nc3c2cnn3C2=NN=CC2)on1,derivative
CN(C)Cc1cc(C2([S@](C)(=N)=O)CC2)nc2c1cnn2C1=NN=CC1,derivative
CN(C)Cc1ccc(-c2cc(C3([S@](C)(=N)=O)CC3)nc3c2cnn3C2=NN=CC2)cc1,derivative
CN(C)Cc1ccc(-c2cc([C@]3(O)C[C@H]4CC[C@@H](C3)O4)nc3c2cnn3C2=NN=CC2)cc1,derivative
CN(C)Cc1cnc(N)c(-c2cc([C@]3(O)C[C@H]4CC[C@@H](C3)O4)nc3c2cnn3C2=NN=CC2)n1,derivative
CN(C)Cc1nc(-c2cc([C@]3(O)C[C@H]4CC[C@@H](C3)O4)nc3c2cnn3C2=NN=CC2)cnc1N,derivative
CN(C)c1c(-c2cc(C3([S@](C)(=N)=O)CC3)nc3c2cnn3C2=NN=CC2)cccc1[C@]1(O)C[C@H]2CC[C@@H](C1)O2,derivative
CN(C)c1c(-c2cc([C@]3(O)C[C@H]4CC[C@@H](C3)O4)nc3c2cnn3C2=NN=CC2)cccc1C1([S@](C)(=N)=O)CC1,derivative
CN(C)c1c(-c2cc([C@]3(O)C[C@H]4CC[C@@H](C3)O4)nc3c2cnn3C2=NN=CC2)cccc1[C@]1(O)C[C@H]2CC[C@@H](C1)O2,derivative
CN(C)c1c(-c2cncc3[nH]ccc23)cccc1-c1cc([C@]2(O)C[C@H]3CC[C@@H](C2)O3)nc2c1cnn2C1=NN=CC1,derivative
CN(C)c1cc(-c2c(-c3cnc(C#N)cn3)cccc2N(C)C)c2cnn(C3=NN=CC3)c2n1,derivative
CN(C)c1cc(-c2c(-c3cncc4[nH]ccc34)cccc2N(C)C)c2cnn(C3=NN=CC3)c2n1,derivative
CN(C)c1cc(-c2c(-c3cncc4[nH]ccc34)cccc2[C@]2(O)C[C@H]3CC[C@@H](C2)O3)c2cnn(C3=NN=CC3)c2n1,derivative
CN(C)c1cc(-c2c(-c3cncc4[nH]ccc34)cccc2[C@]2(O)C[C@H]3CC[C@@H](C2)O3)nc2c1cnn2C1=NN=CC1,derivative
CN(C)c1cc(-c2c(C3([S@](C)(=N)=O)CC3)cccc2[C@]2(O)C[C@H]3CC[C@@H](C2)O3)c2cnn(C3=NN=CC3)c2n1,derivative
CN(C)c1cc(-c2c(C3([S@](C)(=N)=O)CC3)cccc2[C@]2(O)C[C@H]3CC[C@@H](C2)O3)nc2c1cnn2C1=NN=CC1,derivative
CN(C)c1cc(-c2c(N(C)C)cccc2C2([S@](C)(=N)=O)CC2)c2cnn(C3=NN=CC3)c2n1,derivative
CN(C)c1cc(-c2c(N(C)C)cccc2N(C)C)c2cnn(C3=NN=CC3)c2n1,derivative
CN(C)c1cc(-c2c(N(C)C)cccc2[C@]2(O)C[C@H]3CC[C@@H](C2)O3)c2cnn(C3=NN=CC3)c2n1,derivative
CN(C)c1cc(-c2c([C@]3(O)C[C@H]4CC[C@@H](C3)O4)cccc2[C@]2(O)C[C@H]3CC[C@@H](C2)O3)c2cnn(C3=NN=CC3)c2n1,derivative
CN(C)c1cc(-c2c([C@]3(O)C[C@H]4CC[C@@H](C3)O4)cccc2[C@]2(O)C[C@H]3CC[C@@H](C2)O3)nc2c1cnn2C1=NN=CC1,derivative
CN(C)c1cc(-c2cc(C3([S@](C)(=N)=O)CC3)nc3c2cnn3C2=NN=CC2)[nH]n1,derivative
CN(C)c1cc(-c2cc(C3([S@](C)(=N)=O)CC3)nc3c2cnn3C2=NN=CC2)n[nH]1,derivative
CN(C)c1cc(-c2cc(C3([S@](C)(=N)=O)CC3)nc3c2cnn3C2=NN=CC2)nc(N(C)C)n1,derivative
CN(C)c1cc(-c2cc(C3([S@](C)(=N)=O)CC3)nc3c2cnn3C2=NN=CC2)no1,derivative
CN(C)c1cc(-c2cc(C3([S@](C)(=N)=O)CC3)nc3c2cnn3C2=NN=CC2)on1,derivative
CN(C)c1cc(-c2cc(N(C)C)c3cnn(C4=NN=CC4)c3n2)nc2c1cnn2C1=NN=CC1,derivative
CN(C)c1cc(-c2cc([C@]3(O)C[C@H]4CC[C@@H](C3)O4)nc3c2cnn3C2=NN=CC2)[nH]n1,derivative
CN(C)c1cc(-c2cc([C@]3(O)C[C@H]4CC[C@@H](C3)O4)nc3c2cnn3C2=NN=CC2)n[nH]1,derivative
CN(C)c1cc(-c2cc([C@]3(O)C[C@H]4CC[C@@H](C3)O4)nc3c2cnn3C2=NN=CC2)no1,derivative
CN(C)c1cc(-c2cc([C@]3(O)C[C@H]4CC[C@@H](C3)O4)nc3c2cnn3C2=NN=CC2)on1,derivative
CN(C)c1cc(-c2ccc(-c3cc(C4([S@](C)(=N)=O)CC4)nc4c3cnn4C3=NN=CC3)cc2)[nH]n1,derivative
CN(C)c1cc(-c2ccc(-c3cc(C4([S@](C)(=N)=O)CC4)nc4c3cnn4C3=NN=CC3)cc2)n[nH]1,derivative
CN(C)c1cc(-c2ccc(-c3cc(C4([S@](C)(=N)=O)CC4)nc4c3cnn4C3=NN=CC3)cc2)no1,derivative
CN(C)c1cc(-c2ccc(-c3cc(C4([S@](C)(=N)=O)CC4)nc4c3cnn4C3=NN=CC3)cc2)on1,derivative
CN(C)c1cc(-c2ccc(-c3cc([C@]4(O)C[C@H]5CC[C@@H](C4)O5)nc4c3cnn4C3=NN=CC3)cc2)[nH]n1,derivative
CN(C)c1cc(-c2ccc(-c3cc([C@]4(O)C[C@H]5CC[C@@H](C4)O5)nc4c3cnn4C3=NN=CC3)cc2)n[nH]1,derivative
CN(C)c1cc(-c2ccc(-c3cc([C@]4(O)C[C@H]5CC[C@@H](C4)O5)nc4c3cnn4C3=NN=CC3)cc2)no1,derivative
CN(C)c1cc(-c2ccc(-c3cc([C@]4(O)C[C@H]5CC[C@@H](C4)O5)nc4c3cnn4C3=NN=CC3)cc2)on1,derivative
CN(C)c1cc(C2([S@](C)(=N)=O)CC2)nc2c1cnn2C1=NN=CC1,derivative
CN(C)c1cc(N(C)C)nc(-c2cc(C3([S@](C)(=N)=O)CC3)nc3c2cnn3C2=NN=CC2)n1,derivative
CN(C)c1cc(Nc2cc(C3([S@](C)(=N)=O)CC3)nc3c2cnn3C2=NN=CC2)no1,derivative
CN(C)c1cc(Nc2cc(C3([S@](C)(=N)=O)CC3)nc3c2cnn3C2=NN=CC2)on1,derivative
CN(C)c1cc(Nc2cc([C@]3(O)C[C@H]4CC[C@@H](C3)O4)nc3c2cnn3C2=NN=CC2)[nH]n1,derivative
CN(C)c1cc(Nc2cc([C@]3(O)C[C@H]4CC[C@@H](C3)O4)nc3c2cnn3C2=NN=CC2)n[nH]1,derivative
CN(C)c1cc(Nc2cc([C@]3(O)C[C@H]4CC[C@@H](C3)O4)nc3c2cnn3C2=NN=CC2)no1,derivative
CN(C)c1cc(Nc2cc([C@]3(O)C[C@H]4CC[C@@H](C3)O4)nc3c2cnn3C2=NN=CC2)on1,derivative
CN(C)c1cc(Oc2cc(C3([S@](C)(=N)=O)CC3)nc3c2cnn3C2=NN=CC2)[nH]n1,derivative
CN(C)c1cc(Oc2cc(C3([S@](C)(=N)=O)CC3)nc3c2cnn3C2=NN=CC2)n[nH]1,derivative
CN(C)c1cc(Oc2cc(C3([S@](C)(=N)=O)CC3)nc3c2cnn3C2=NN=CC2)no1,derivative
CN(C)c1cc(Oc2cc(C3([S@](C)(=N)=O)CC3)nc3c2cnn3C2=NN=CC2)on1,derivative
CN(C)c1cc([C@]2(O)C[C@H]3CC[C@@H](C2)O3)nc2c1cnn2C1=NN=CC1,derivative
CN(C)c1ccc(-c2cc(-c3cc(C4([S@](C)(=N)=O)CC4)nc4c3cnn4C3=NN=CC3)[nH]n2)cc1,derivative
CN(C)c1ccc(-c2cc(-c3cc(C4([S@](C)(=N)=O)CC4)nc4c3cnn4C3=NN=CC3)n[nH]2)cc1,derivative
CN(C)c1ccc(-c2cc(-c3cc(C4([S@](C)(=N)=O)CC4)nc4c3cnn4C3=NN=CC3)no2)cc1,derivative
CN(C)c1ccc(-c2cc(-c3cc(C4([S@](C)(=N)=O)CC4)nc4c3cnn4C3=NN=CC3)on2)cc1,derivative
CN(C)c1ccc(-c2cc(-c3cc(N(C)C)c4cnn(C5=NN=CC5)c4n3)nc3c2cnn3C2=NN=CC2)cc1,derivative
CN(C)c1ccc(-c2cc(-c3cc([C@]4(O)C[C@H]5CC[C@@H](C4)O5)nc4c3cnn4C3=NN=CC3)[nH]n2)cc1,derivative
CN(C)c1ccc(-c2cc(-c3cc([C@]4(O)C[C@H]5CC[C@@H](C4)O5)nc4c3cnn4C3=NN=CC3)n[nH]2)cc1,derivative
CN(C)c1ccc(-c2cc(-c3cc([C@]4(O)C[C@H]5CC[C@@H](C4)O5)nc4c3cnn4C3=NN=CC3)no2)cc1,derivative
CN(C)c1ccc(-c2cc(-c3cc([C@]4(O)C[C@H]5CC[C@@H](C4)O5)nc4c3cnn4C3=NN=CC3)on2)cc1,derivative
CN(C)c1ccc(-c2cc(C3([S@](C)(=N)=O)CC3)nc3c2cnn3C2=NN=CC2)cc1,derivative
CN(C)c1ccc(-c2cc([C@]3(O)C[C@H]4CC[C@@H](C3)O4)nc3c2cnn3C2=NN=CC2)cc1,derivative
CN(C)c1ccc(-c2ccc(-c3cc(C4([S@](C)(=N)=O)CC4)nc4c3cnn4C3=NN=CC3)cc2)cc1,derivative
CN(C)c1ccc(-c2ccc(-c3cc([C@]4(O)C[C@H]5CC[C@@H](C4)O5)nc4c3cnn4C3=NN=CC3)cc2)cc1,derivative
CN(C)c1ccc(Oc2cc(C3([S@](C)(=N)=O)CC3)nc3c2cnn3C2=NN=CC2)cc1,derivative
CN(C)c1cccc(-c2cc(C3([S@](C)(=N)=O)CC3)nc3c2cnn3C2=NN=CC2)c1N(C)C,derivative
CN(C)c1cccc(-c2cc(C3([S@](C)(=N)=O)CC3)nc3c2cnn3C2=NN=CC2)c1[C@]1(O)C[C@H]2CC[C@@H](C1)O2,derivative
CN(C)c1cccc(-c2cc([C@]3(O)C[C@H]4CC[C@@H](C3)O4)nc3c2cnn3C2=NN=CC2)c1-c1cncc2[nH]ccc12,derivative
CN(C)c1cccc(-c2cc([C@]3(O)C[C@H]4CC[C@@H](C3)O4)nc3c2cnn3C2=NN=CC2)c1C1([S@](C)(=N)=O)CC1,derivative
CN(C)c1cccc(-c2cc([C@]3(O)C[C@H]4CC[C@@H](C3)O4)nc3c2cnn3C2=NN=CC2)c1N(C)C,derivative
CN(C)c1cccc(-c2cc([C@]3(O)C[C@H]4CC[C@@H](C3)O4)nc3c2cnn3C2=NN=CC2)c1[C@]1(O)C[C@H]2CC[C@@H](C1)O2,derivative
CN(C)c1cccc(-c2cnc(C#N)cn2)c1-c1cc(N(C)C)c2cnn(C3=NN=CC3)c2n1,derivative
CN(C)c1cccc(-c2cncc3[nH]ccc23)c1-c1cc(N(C)C)c2cnn(C3=NN=CC3)c2n1,derivative
CN(C)c1cccc(-c2cncc3[nH]ccc23)c1-c1cc([C@]2(O)C[C@H]3CC[C@@H](C2)O3)c2cnn(C3=NN=CC3)c2n1,derivative
CN(C)c1cccc(-c2cncc3[nH]ccc23)c1-c1cc([C@]2(O)C[C@H]3CC[C@@H](C2)O3)nc2c1cnn2C1=NN=CC1,derivative
CN(C)c1cccc(C2([S@](C)(=N)=O)CC2)c1-c1cc(N(C)C)c2cnn(C3=NN=CC3)c2n1,derivative
CN(C)c1cccc(C2([S@](C)(=N)=O)CC2)c1-c1cc([C@]2(O)C[C@H]3CC[C@@H](C2)O3)c2cnn(C3=NN=CC3)c2n1,derivative
CN(C)c1cccc(C2([S@](C)(=N)=O)CC2)c1-c1cc([C@]2(O)C[C@H]3CC[C@@H](C2)O3)nc2c1cnn2C1=NN=CC1,derivative
CN(C)c1cccc(N(C)C)c1-c1cc(-c2cnc(C#N)cn2)c2cnn(C3=NN=CC3)c2n1,derivative
CN(C)c1cccc(N(C)C)c1-c1cc(-c2cnc(C#N)cn2)nc2c1cnn2C1=NN=CC1,derivative
CN(C)c1cccc(N(C)C)c1-c1cc(-c2cncc3[nH]ccc23)c2cnn(C3=NN=CC3)c2n1,derivative
CN(C)c1cccc(N(C)C)c1-c1cc(-c2cncc3[nH]ccc23)nc2c1cnn2C1=NN=CC1,derivative
CN(C)c1cccc(N(C)C)c1-c1cc(C2([S@](C)(=N)=O)CC2)c2cnn(C3=NN=CC3)c2n1,derivative
CN(C)c1cccc(N(C)C)c1-c1cc(C2([S@](C)(=N)=O)CC2)nc2c1cnn2C1=NN=CC1,derivative
CN(C)c1cccc(N(C)C)c1-c1cc(N(C)C)c2cnn(C3=NN=CC3)c2n1,derivative
CN(C)c1cccc(N(C)C)c1-c1cc([C@]2(O)C[C@H]3CC[C@@H](C2)O3)c2cnn(C3=NN=CC3)c2n1,derivative
CN(C)c1cccc(N(C)C)c1-c1cc([C@]2(O)C[C@H]3CC[C@@H](C2)O3)nc2c1cnn2C1=NN=CC1,derivative
CN(C)c1cccc([C@]2(O)C[C@H]3CC[C@@H](C2)O3)c1-c1cc(-c2cncc3[nH]ccc23)c2cnn(C3=NN=CC3)c2n1,derivative
CN(C)c1cccc([C@]2(O)C[C@H]3CC[C@@H](C2)O3)c1-c1cc(-c2cncc3[nH]ccc23)nc2c1cnn2C1=NN=CC1,derivative
CN(C)c1cccc([C@]2(O)C[C@H]3CC[C@@H](C2)O3)c1-c1cc(C2([S@](C)(=N)=O)CC2)c2cnn(C3=NN=CC3)c2n1,derivative
CN(C)c1cccc([C@]2(O)C[C@H]3CC[C@@H](C2)O3)c1-c1cc(C2([S@](C)(=N)=O)CC2)nc2c1cnn2C1=NN=CC1,derivative
CN(C)c1cccc([C@]2(O)C[C@H]3CC[C@@H](C2)O3)c1-c1cc(N(C)C)c2cnn(C3=NN=CC3)c2n1,derivative
CN(C)c1cccc([C@]2(O)C[C@H]3CC[C@@H](C2)O3)c1-c1cc([C@]2(O)C[C@H]3CC[C@@H](C2)O3)c2cnn(C3=NN=CC3)c2n1,derivative
CN(C)c1cccc([C@]2(O)C[C@H]3CC[C@@H](C2)O3)c1-c1cc([C@]2(O)C[C@H]3CC[C@@H](C2)O3)nc2c1cnn2C1=NN=CC1,derivative
CN(C)c1cnc(N)c(-c2cc([C@]3(O)C[C@H]4CC[C@@H](C3)O4)nc3c2cnn3C2=NN=CC2)n1,derivative
CN(C)c1nc(-c2cc([C@]3(O)C[C@H]4CC[C@@H](C3)O4)nc3c2cnn3C2=NN=CC2)cnc1N,derivative
CNC[C@@H](C)Nc1cc(C2([S@](C)(=N)=O)CC2)nc2c1cnn2C1=NN=CC1,derivative
CNC[C@@H](C)Nc1cc([C@]2(O)C[C@H]3CC[C@@H](C2)O3)nc2c1cnn2C1=NN=CC1,derivative
CNC[C@@H](C)Oc1cc(C2([S@](C)(=N)=O)CC2)nc2c1cnn2C1=NN=CC1,derivative
CNCc1cc(-c2cc(C3([S@](C)(=N)=O)CC3)nc3c2cnn3C2=NN=CC2)[nH]n1,derivative
CNCc1cc(-c2cc(C3([S@](C)(=N)=O)CC3)nc3c2cnn3C2=NN=CC2)n[nH]1,derivative
CNCc1cc(-c2cc(C3([S@](C)(=N)=O)CC3)nc3c2cnn3C2=NN=CC2)no1,derivative
CNCc1cc(-c2cc(C3([S@](C)(=N)=O)CC3)nc3c2cnn3C2=NN=CC2)on1,derivative
CNCc1cc(-c2cc(N(C)C)c3cnn(C4=NN=CC4)c3n2)nc2c1cnn2C1=NN=CC1,derivative
CNCc1cc(-c2cc(NC)c3cnn(C4=NN=CC4)c3n2)nc2c1cnn2C1=NN=CC1,derivative
CNCc1cc(-c2cc(OC)c3cnn(C4=NN=CC4)c3n2)nc2c1cnn2C1=NN=CC1,derivative
CNCc1cc(-c2cc([C@]3(O)C[C@H]4CC[C@@H](C3)O4)nc3c2cnn3C2=NN=CC2)[nH]n1,derivative
CNCc1cc(-c2cc([C@]3(O)C[C@H]4CC[C@@H](C3)O4)nc3c2cnn3C2=NN=CC2)n[nH]1,derivative
CNCc1cc(-c2cc([C@]3(O)C[C@H]4CC[C@@H](C3)O4)nc3c2cnn3C2=NN=CC2)no1,derivative
CNCc1cc(-c2cc([C@]3(O)C[C@H]4CC[C@@H](C3)O4)nc3c2cnn3C2=NN=CC2)on1,derivative
CNCc1cc(C2([S@](C)(=N)=O)CC2)nc2c1cnn2C1=NN=CC1,derivative
CNCc1ccc(-c2cc(C3([S@](C)(=N)=O)CC3)nc3c2cnn3C2=NN=CC2)cc1,derivative
CNCc1ccc(-c2cc([C@]3(O)C[C@H]4CC[C@@H](C3)O4)nc3c2cnn3C2=NN=CC2)cc1,derivative
CN[C@H](C)CNc1cc(C2([S@](C)(=N)=O)CC2)nc2c1cnn2C1=NN=CC1,derivative
CN[C@H](C)CNc1cc([C@]2(O)C[C@H]3CC[C@@H](C2)O3)nc2c1cnn2C1=NN=CC1,derivative
CN[C@H](C)COc1cc(C2([S@](C)(=N)=O)CC2)nc2c1cnn2C1=NN=CC1,derivative
CNc1c(-c2cc(C3([S@](C)(=N)=O)CC3)nc3c2cnn3C2=NN=CC2)cccc1N(C)C,derivative
CNc1c(-c2cc(C3([S@](C)(=N)=O)CC3)nc3c2cnn3C2=NN=CC2)cccc1N1CCOC[C@H]1C,derivative
CNc1c(-c2cc([C@]3(O)C[C@H]4CC[C@@H](C3)O4)nc3c2cnn3C2=NN=CC2)cccc1N(C)C,derivative
CNc1c(-c2cc([C@]3(O)C[C@H]4CC[C@@H](C3)O4)nc3c2cnn3C2=NN=CC2)cccc1N1CCOC[C@H]1C,derivative
CNc1c(-c2cc([C@]3(O)C[C@H]4CC[C@@H](C3)O4)nc3c2cnn3C2=NN=CC2)cccc1[C@]1(O)C[C@H]2CC[C@@H](C1)O2,derivative
CNc1c(-c2cncc3[nH]ccc23)cccc1-c1cc([C@]2(O)C[C@H]3CC[C@@H](C2)O3)nc2c1cnn2C1=NN=CC1,derivative
CNc1c(OC)cccc1-c1cc(C2([S@](C)(=N)=O)CC2)nc2c1cnn2C1=NN=CC1,derivative
CNc1c(OC)cccc1-c1cc([C@]2(O)C[C@H]3CC[C@@H](C2)O3)nc2c1cnn2C1=NN=CC1,derivative
CNc1cc(-c2c(-c3ccc(S(=O)(=O)C(C)C)cc3)cccc2N(C)C)c2cnn(C3=NN=CC3)c2n1,derivative
CNc1cc(-c2c(-c3ccc(S(=O)(=O)C(C)C)cc3)cccc2N(C)C)nc2c1cnn2C1=NN=CC1,derivative
CNc1cc(-c2c(-c3ccc(S(=O)(=O)C(C)C)cc3)cccc2N2CCOC[C@H]2C)c2cnn(C3=NN=CC3)c2n1,derivative
CNc1cc(-c2c(-c3ccc(S(=O)(=O)C(C)C)cc3)cccc2N2CCOC[C@H]2C)nc2c1cnn2C1=NN=CC1,derivative
CNc1cc(-c2c(-c3cnc(C#N)cn3)cccc2N(C)C)c2cnn(C3=NN=CC3)c2n1,derivative
CNc1cc(-c2c(-c3cnc(C#N)cn3)cccc2N(C)C)nc2c1cnn2C1=NN=CC1,derivative
CNc1cc(-c2c(-c3cnc(C#N)cn3)cccc2N2CCOC[C@H]2C)c2cnn(C3=NN=CC3)c2n1,derivative
CNc1cc(-c2c(-c3cnc(C#N)cn3)cccc2N2CCOC[C@H]2C)nc2c1cnn2C1=NN=CC1,derivative
CNc1cc(-c2c(-c3cncc4[nH]ccc34)cccc2N(C)C)c2cnn(C3=NN=CC3)c2n1,derivative
CNc1cc(-c2c(-c3cncc4[nH]ccc34)cccc2N(C)C)nc2c1cnn2C1=NN=CC1,derivative
CNc1cc(-c2c(-c3cncc4[nH]ccc34)cccc2N2CCOC[C@H]2C)c2cnn(C3=NN=CC3)c2n1,derivative
CNc1cc(-c2c(-c3cncc4[nH]ccc34)cccc2N2CCOC[C@H]2C)nc2c1cnn2C1=NN=CC1,derivative
CNc1cc(-c2c(-c3cncc4[nH]ccc34)cccc2[C@]2(O)C[C@H]3CC[C@@H](C2)O3)c2cnn(C3=NN=CC3)c2n1,derivative
CNc1cc(-c2c(-c3cncc4[nH]ccc34)cccc2[C@]2(O)C[C@H]3CC[C@@H](C2)O3)nc2c1cnn2C1=NN=CC1,derivative
CNc1cc(-c2c(N(C)C)cccc2C2([S@](C)(=N)=O)CC2)c2cnn(C3=NN=CC3)c2n1,derivative
CNc1cc(-c2c(N(C)C)cccc2C2([S@](C)(=N)=O)CC2)nc2c1cnn2C1=NN=CC1,derivative
CNc1cc(-c2c(N(C)C)cccc2N(C)C)c2cnn(C3=NN=CC3)c2n1,derivative
CNc1cc(-c2c(N(C)C)cccc2N(C)C)nc2c1cnn2C1=NN=CC1,derivative
CNc1cc(-c2c(N(C)C)cccc2N2CCOC[C@H]2C)c2cnn(C3=NN=CC3)c2n1,derivative
CNc1cc(-c2c(N(C)C)cccc2N2CCOC[C@H]2C)nc2c1cnn2C1=NN=CC1,derivative
CNc1cc(-c2c(N(C)C)cccc2[C@]2(O)C[C@H]3CC[C@@H](C2)O3)c2cnn(C3=NN=CC3)c2n1,derivative
CNc1cc(-c2c(N(C)C)cccc2[C@]2(O)C[C@H]3CC[C@@H](C2)O3)nc2c1cnn2C1=NN=CC1,derivative
CNc1cc(-c2c(N3CCOC[C@H]3C)cccc2C2([S@](C)(=N)=O)CC2)c2cnn(C3=NN=CC3)c2n1,derivative
CNc1cc(-c2c(N3CCOC[C@H]3C)cccc2C2([S@](C)(=N)=O)CC2)nc2c1cnn2C1=NN=CC1,derivative
CNc1cc(-c2c(N3CCOC[C@H]3C)cccc2N2CCOC[C@H]2C)c2cnn(C3=NN=CC3)c2n1,derivative
CNc1cc(-c2c(N3CCOC[C@H]3C)cccc2N2CCOC[C@H]2C)nc2c1cnn2C1=NN=CC1,derivative
CNc1cc(-c2c(N3CCOC[C@H]3C)cccc2[C@]2(O)C[C@H]3CC[C@@H](C2)O3)c2cnn(C3=NN=CC3)c2n1,derivative
CNc1cc(-c2c(N3CCOC[C@H]3C)cccc2[C@]2(O)C[C@H]3CC[C@@H](C2)O3)nc2c1cnn2C1=NN=CC1,derivative
CNc1cc(-c2c(NC)cccc2-c2ccc(S(=O)(=O)C(C)C)cc2)c2cnn(C3=NN=CC3)c2n1,derivative
CNc1cc(-c2c(NC)cccc2-c2cnc(C#N)cn2)c2cnn(C3=NN=CC3)c2n1,derivative
CNc1cc(-c2c(NC)cccc2-c2cncc3[nH]ccc23)c2cnn(C3=NN=CC3)c2n1,derivative
CNc1cc(-c2c(NC)cccc2C2([S@](C)(=N)=O)CC2)c2cnn(C3=NN=CC3)c2n1,derivative
CNc1cc(-c2c(NC)cccc2N(C)C)c2cnn(C3=NN=CC3)c2n1,derivative
CNc1cc(-c2c(NC)cccc2N2CCOC[C@H]2C)c2cnn(C3=NN=CC3)c2n1,derivative
CNc1cc(-c2c(NC)cccc2NC)c2cnn(C3=NN=CC3)c2n1,derivative
CNc1cc(-c2c(NC)cccc2OC)c2cnn(C3=NN=CC3)c2n1,derivative
CNc1cc(-c2c(NC)cccc2[C@]2(O)C[C@H]3CC[C@@H](C2)O3)c2cnn(C3=NN=CC3)c2n1,derivative
CNc1cc(-c2c(OC)cccc2-c2ccc(S(=O)(=O)C(C)C)cc2)c2cnn(C3=NN=CC3)c2n1,derivative
CNc1cc(-c2c(OC)cccc2-c2ccc(S(=O)(=O)C(C)C)cc2)nc2c1cnn2C1=NN=CC1,derivative
CNc1cc(-c2c(OC)cccc2-c2cnc(C#N)cn2)c2cnn(C3=NN=CC3)c2n1,derivative
CNc1cc(-c2c(OC)cccc2-c2cnc(C#N)cn2)nc2c1cnn2C1=NN=CC1,derivative
CNc1cc(-c2c(OC)cccc2-c2cncc3[nH]ccc23)c2cnn(C3=NN=CC3)c2n1,derivative
CNc1cc(-c2c(OC)cccc2-c2cncc3[nH]ccc23)nc2c1cnn2C1=NN=CC1,derivative
CNc1cc(-c2c(OC)cccc2C2([S@](C)(=N)=O)CC2)c2cnn(C3=NN=CC3)c2n1,derivative
CNc1cc(-c2c(OC)cccc2C2([S@](C)(=N)=O)CC2)nc2c1cnn2C1=NN=CC1,derivative
CNc1cc(-c2c(OC)cccc2N(C)C)c2cnn(C3=NN=CC3)c2n1,derivative
CNc1cc(-c2c(OC)cccc2N(C)C)nc2c1cnn2C1=NN=CC1,derivative
CNc1cc(-c2c(OC)cccc2N2CCOC[C@H]2C)c2cnn(C3=NN=CC3)c2n1,derivative
CNc1cc(-c2c(OC)cccc2N2CCOC[C@H]2C)nc2c1cnn2C1=NN=CC1,derivative
CNc1cc(-c2c(OC)cccc2OC)c2cnn(C3=NN=CC3)c2n1,derivative
CNc1cc(-c2c(OC)cccc2OC)nc2c1cnn2C1=NN=CC1,derivative
CNc1cc(-c2c(OC)cccc2[C@]2(O)C[C@H]3CC[C@@H](C2)O3)c2cnn(C3=NN=CC3)c2n1,derivative
CNc1cc(-c2c(OC)cccc2[C@]2(O)C[C@H]3CC[C@@H](C2)O3)nc2c1cnn2C1=NN=CC1,derivative
CNc1cc(-c2c([C@]3(O)C[C@H]4CC[C@@H](C3)O4)cccc2[C@]2(O)C[C@H]3CC[C@@H](C2)O3)c2cnn(C3=NN=CC3)c2n1,derivative
CNc1cc(-c2c([C@]3(O)C[C@H]4CC[C@@H](C3)O4)cccc2[C@]2(O)C[C@H]3CC[C@@H](C2)O3)nc2c1cnn2C1=NN=CC1,derivative
CNc1cc(-c2cc(-c3ccc(N(C)C)cc3)c3cnn(C4=NN=CC4)c3n2)nc2c1cnn2C1=NN=CC1,derivative
CNc1cc(-c2cc(C3([S@](C)(=N)=O)CC3)nc3c2cnn3C2=NN=CC2)[nH]n1,derivative
CNc1cc(-c2cc(C3([S@](C)(=N)=O)CC3)nc3c2cnn3C2=NN=CC2)n[nH]1,derivative
CNc1cc(-c2cc(C3([S@](C)(=N)=O)CC3)nc3c2cnn3C2=NN=CC2)nc(N(C)C)n1,derivative
CNc1cc(-c2cc(C3([S@](C)(=N)=O)CC3)nc3c2cnn3C2=NN=CC2)no1,derivative
CNc1cc(-c2cc(C3([S@](C)(=N)=O)CC3)nc3c2cnn3C2=NN=CC2)on1,derivative
CNc1cc(-c2cc(CN(C)C)c3cnn(C4=NN=CC4)c3n2)nc2c1cnn2C1=NN=CC1,derivative
CNc1cc(-c2cc(COC)c3cnn(C4=NN=CC4)c3n2)nc2c1cnn2C1=NN=CC1,derivative
CNc1cc(-c2cc(N(C)C)c3cnn(C4=NN=CC4)c3n2)nc2c1cnn2C1=NN=CC1,derivative
CNc1cc(-c2cc(NC)c3cnn(C4=NN=CC4)c3n2)nc2c1cnn2C1=NN=CC1,derivative
CNc1cc(-c2cc(OC)c3cnn(C4=NN=CC4)c3n2)nc2c1cnn2C1=NN=CC1,derivative
CNc1cc(-c2cc([C@]3(O)C[C@H]4CC[C@@H](C3)O4)nc3c2cnn3C2=NN=CC2)[nH]n1,derivative
CNc1cc(-c2cc([C@]3(O)C[C@H]4CC[C@@H](C3)O4)nc3c2cnn3C2=NN=CC2)n[nH]1,derivative
CNc1cc(-c2cc([C@]3(O)C[C@H]4CC[C@@H](C3)O4)nc3c2cnn3C2=NN=CC2)no1,derivative
CNc1cc(-c2cc([C@]3(O)C[C@H]4CC[C@@H](C3)O4)nc3c2cnn3C2=NN=CC2)on1,derivative
CNc1cc(-c2ccc(-c3cc([C@]4(O)C[C@H]5CC[C@@H](C4)O5)nc4c3cnn4C3=NN=CC3)cc2)[nH]n1,derivative
CNc1cc(-c2ccc(-c3cc([C@]4(O)C[C@H]5CC[C@@H](C4)O5)nc4c3cnn4C3=NN=CC3)cc2)n[nH]1,derivative
CNc1cc(-c2ccc(-c3cc([C@]4(O)C[C@H]5CC[C@@H](C4)O5)nc4c3cnn4C3=NN=CC3)cc2)no1,derivative
CNc1cc(-c2ccc(-c3cc([C@]4(O)C[C@H]5CC[C@@H](C4)O5)nc4c3cnn4C3=NN=CC3)cc2)on1,derivative
CNc1cc(C2([S@](C)(=N)=O)CC2)nc2c1cnn2C1=NN=CC1,derivative
CNc1cc(N(C)C)nc(-c2cc(C3([S@](C)(=N)=O)CC3)nc3c2cnn3C2=NN=CC2)n1,derivative
CNc1cc(Nc2cc([C@]3(O)C[C@H]4CC[C@@H](C3)O4)nc3c2cnn3C2=NN=CC2)[nH]n1,derivative
CNc1cc(Nc2cc([C@]3(O)C[C@H]4CC[C@@H](C3)O4)nc3c2cnn3C2=NN=CC2)n[nH]1,derivative
CNc1cc(Nc2cc([C@]3(O)C[C@H]4CC[C@@H](C3)O4)nc3c2cnn3C2=NN=CC2)no1,derivative
CNc1cc(Nc2cc([C@]3(O)C[C@H]4CC[C@@H](C3)O4)nc3c2cnn3C2=NN=CC2)on1,derivative
CNc1cc([C@]2(O)C[C@H]3CC[C@@H](C2)O3)nc2c1cnn2C1=NN=CC1,derivative
CNc1ccc(-c2cc(-c3cc(N(C)C)c4cnn(C5=NN=CC5)c4n3)nc3c2cnn3C2=NN=CC2)cc1,derivative
CNc1ccc(-c2cc(-c3cc([C@]4(O)C[C@H]5CC[C@@H](C4)O5)nc4c3cnn4C3=NN=CC3)[nH]n2)cc1,derivative
CNc1ccc(-c2cc(-c3cc([C@]4(O)C[C@H]5CC[C@@H](C4)O5)nc4c3cnn4C3=NN=CC3)n[nH]2)cc1,derivative
CNc1ccc(-c2cc(-c3cc([C@]4(O)C[C@H]5CC[C@@H](C4)O5)nc4c3cnn4C3=NN=CC3)no2)cc1,derivative
CNc1ccc(-c2cc(-c3cc([C@]4(O)C[C@H]5CC[C@@H](C4)O5)nc4c3cnn4C3=NN=CC3)on2)cc1,derivative
CNc1ccc(-c2cc(C3([S@](C)(=N)=O)CC3)nc3c2cnn3C2=NN=CC2)cc1,derivative
CNc1ccc(-c2cc([C@]3(O)C[C@H]4CC[C@@H](C3)O4)nc3c2cnn3C2=NN=CC2)cc1,derivative
CNc1ccc(-c2ccc(-c3cc(C4([S@](C)(=N)=O)CC4)nc4c3cnn4C3=NN=CC3)cc2)cc1,derivative
CNc1ccc(-c2ccc(-c3cc([C@]4(O)C[C@H]5CC[C@@H](C4)O5)nc4c3cnn4C3=NN=CC3)cc2)cc1,derivative
CNc1ccc(Oc2cc(C3([S@](C)(=N)=O)CC3)nc3c2cnn3C2=NN=CC2)cc1,derivative
CNc1cccc(-c2cc(C3([S@](C)(=N)=O)CC3)nc3c2cnn3C2=NN=CC2)c1N(C)C,derivative
CNc1cccc(-c2cc(C3([S@](C)(=N)=O)CC3)nc3c2cnn3C2=NN=CC2)c1N1CCOC[C@H]1C,derivative
CNc1cccc(-c2cc(C3([S@](C)(=N)=O)CC3)nc3c2cnn3C2=NN=CC2)c1NC,derivative
CNc1cccc(-c2cc(C3([S@](C)(=N)=O)CC3)nc3c2cnn3C2=NN=CC2)c1OC,derivative
CNc1cccc(-c2cc([C@]3(O)C[C@H]4CC[C@@H](C3)O4)nc3c2cnn3C2=NN=CC2)c1-c1cncc2[nH]ccc12,derivative
CNc1cccc(-c2cc([C@]3(O)C[C@H]4CC[C@@H](C3)O4)nc3c2cnn3C2=NN=CC2)c1N(C)C,derivative
CNc1cccc(-c2cc([C@]3(O)C[C@H]4CC[C@@H](C3)O4)nc3c2cnn3C2=NN=CC2)c1N1CCOC[C@H]1C,derivative
CNc1cccc(-c2cc([C@]3(O)C[C@H]4CC[C@@H](C3)O4)nc3c2cnn3C2=NN=CC2)c1NC,derivative
CNc1cccc(-c2cc([C@]3(O)C[C@H]4CC[C@@H](C3)O4)nc3c2cnn3C2=NN=CC2)c1OC,derivative
CNc1cccc(-c2cc([C@]3(O)C[C@H]4CC[C@@H](C3)O4)nc3c2cnn3C2=NN=CC2)c1[C@]1(O)C[C@H]2CC[C@@H](C1)O2,derivative
CNc1cccc(-c2ccc(S(=O)(=O)C(C)C)cc2)c1-c1cc(N(C)C)c2cnn(C3=NN=CC3)c2n1,derivative
CNc1cccc(-c2ccc(S(=O)(=O)C(C)C)cc2)c1-c1cc(N(C)C)nc2c1cnn2C1=NN=CC1,derivative
CNc1cccc(-c2ccc(S(=O)(=O)C(C)C)cc2)c1-c1cc(N2CCOC[C@H]2C)c2cnn(C3=NN=CC3)c2n1,derivative
CNc1cccc(-c2ccc(S(=O)(=O)C(C)C)cc2)c1-c1cc(N2CCOC[C@H]2C)nc2c1cnn2C1=NN=CC1,derivative
CNc1cccc(-c2ccc(S(=O)(=O)C(C)C)cc2)c1-c1cc(NC)c2cnn(C3=NN=CC3)c2n1,derivative
CNc1cccc(-c2ccc(S(=O)(=O)C(C)C)cc2)c1-c1cc(OC)c2cnn(C3=NN=CC3)c2n1,derivative
CNc1cccc(-c2ccc(S(=O)(=O)C(C)C)cc2)c1-c1cc(OC)nc2c1cnn2C1=NN=CC1,derivative
CNc1cccc(-c2cnc(C#N)cn2)c1-c1cc(N(C)C)c2cnn(C3=NN=CC3)c2n1,derivative
CNc1cccc(-c2cnc(C#N)cn2)c1-c1cc(N(C)C)nc2c1cnn2C1=NN=CC1,derivative
CNc1cccc(-c2cnc(C#N)cn2)c1-c1cc(N2CCOC[C@H]2C)c2cnn(C3=NN=CC3)c2n1,derivative
CNc1cccc(-c2cnc(C#N)cn2)c1-c1cc(N2CCOC[C@H]2C)nc2c1cnn2C1=NN=CC1,derivative
CNc1cccc(-c2cnc(C#N)cn2)c1-c1cc(NC)c2cnn(C3=NN=CC3)c2n1,derivative
CNc1cccc(-c2cnc(C#N)cn2)c1-c1cc(OC)c2cnn(C3=NN=CC3)c2n1,derivative
CNc1cccc(-c2cnc(C#N)cn2)c1-c1cc(OC)nc2c1cnn2C1=NN=CC1,derivative
CNc1cccc(-c2cncc3[nH]ccc23)c1-c1cc(N(C)C)c2cnn(C3=NN=CC3)c2n1,derivative
CNc1cccc(-c2cncc3[nH]ccc23)c1-c1cc(N(C)C)nc2c1cnn2C1=NN=CC1,derivative
CNc1cccc(-c2cncc3[nH]ccc23)c1-c1cc(N2CCOC[C@H]2C)c2cnn(C3=NN=CC3)c2n1,derivative
CNc1cccc(-c2cncc3[nH]ccc23)c1-c1cc(N2CCOC[C@H]2C)nc2c1cnn2C1=NN=CC1,derivative
CNc1cccc(-c2cncc3[nH]ccc23)c1-c1cc(NC)c2cnn(C3=NN=CC3)c2n1,derivative
CNc1cccc(-c2cncc3[nH]ccc23)c1-c1cc(OC)c2cnn(C3=NN=CC3)c2n1,derivative
CNc1cccc(-c2cncc3[nH]ccc23)c1-c1cc(OC)nc2c1cnn2C1=NN=CC1,derivative
CNc1cccc(-c2cncc3[nH]ccc23)c1-c1cc([C@]2(O)C[C@H]3CC[C@@H](C2)O3)c2cnn(C3=NN=CC3)c2n1,derivative
CNc1cccc(-c2cncc3[nH]ccc23)c1-c1cc([C@]2(O)C[C@H]3CC[C@@H](C2)O3)nc2c1cnn2C1=NN=CC1,derivative
CNc1cccc(C2([S@](C)(=N)=O)CC2)c1-c1cc(N(C)C)c2cnn(C3=NN=CC3)c2n1,derivative
CNc1cccc(C2([S@](C)(=N)=O)CC2)c1-c1cc(N(C)C)nc2c1cnn2C1=NN=CC1,derivative
CNc1cccc(C2([S@](C)(=N)=O)CC2)c1-c1cc(N2CCOC[C@H]2C)c2cnn(C3=NN=CC3)c2n1,derivative
CNc1cccc(C2([S@](C)(=N)=O)CC2)c1-c1cc(N2CCOC[C@H]2C)nc2c1cnn2C1=NN=CC1,derivative
CNc1cccc(C2([S@](C)(=N)=O)CC2)c1-c1cc(NC)c2cnn(C3=NN=CC3)c2n1,derivative
CNc1cccc(C2([S@](C)(=N)=O)CC2)c1-c1cc(OC)c2cnn(C3=NN=CC3)c2n1,derivative
CNc1cccc(C2([S@](C)(=N)=O)CC2)c1-c1cc(OC)nc2c1cnn2C1=NN=CC1,derivative
CNc1cccc(N(C)C)c1-c1cc(-c2ccc(S(=O)(=O)C(C)C)cc2)c2cnn(C3=NN=CC3)c2n1,derivative
CNc1cccc(N(C)C)c1-c1cc(-c2ccc(S(=O)(=O)C(C)C)cc2)nc2c1cnn2C1=NN=CC1,derivative
CNc1cccc(N(C)C)c1-c1cc(-c2cnc(C#N)cn2)c2cnn(C3=NN=CC3)c2n1,derivative
CNc1cccc(N(C)C)c1-c1cc(-c2cnc(C#N)cn2)nc2c1cnn2C1=NN=CC1,derivative
CNc1cccc(N(C)C)c1-c1cc(-c2cncc3[nH]ccc23)c2cnn(C3=NN=CC3)c2n1,derivative
CNc1cccc(N(C)C)c1-c1cc(-c2cncc3[nH]ccc23)nc2c1cnn2C1=NN=CC1,derivative
CNc1cccc(N(C)C)c1-c1cc(C2([S@](C)(=N)=O)CC2)c2cnn(C3=NN=CC3)c2n1,derivative
CNc1cccc(N(C)C)c1-c1cc(C2([S@](C)(=N)=O)CC2)nc2c1cnn2C1=NN=CC1,derivative
CNc1cccc(N(C)C)c1-c1cc(N(C)C)c2cnn(C3=NN=CC3)c2n1,derivative
CNc1cccc(N(C)C)c1-c1cc(N(C)C)nc2c1cnn2C1=NN=CC1,derivative
CNc1cccc(N(C)C)c1-c1cc(N2CCOC[C@H]2C)c2cnn(C3=NN=CC3)c2n1,derivative
CNc1cccc(N(C)C)c1-c1cc(N2CCOC[C@H]2C)nc2c1cnn2C1=NN=CC1,derivative
CNc1cccc(N(C)C)c1-c1cc(NC)c2cnn(C3=NN=CC3)c2n1,derivative
CNc1cccc(N(C)C)c1-c1cc(OC)c2cnn(C3=NN=CC3)c2n1,derivative
CNc1cccc(N(C)C)c1-c1cc(OC)nc2c1cnn2C1=NN=CC1,derivative
CNc1cccc(N(C)C)c1-c1cc([C@]2(O)C[C@H]3CC[C@@H](C2)O3)c2cnn(C3=NN=CC3)c2n1,derivative
CNc1cccc(N(C)C)c1-c1cc([C@]2(O)C[C@H]3CC[C@@H](C2)O3)nc2c1cnn2C1=NN=CC1,derivative
CNc1cccc(N2CCOC[C@H]2C)c1-c1cc(-c2ccc(S(=O)(=O)C(C)C)cc2)c2cnn(C3=NN=CC3)c2n1,derivative
CNc1cccc(N2CCOC[C@H]2C)c1-c1cc(-c2ccc(S(=O)(=O)C(C)C)cc2)nc2c1cnn2C1=NN=CC1,derivative
CNc1cccc(N2CCOC[C@H]2C)c1-c1cc(-c2cnc(C#N)cn2)c2cnn(C3=NN=CC3)c2n1,derivative
CNc1cccc(N2CCOC[C@H]2C)c1-c1cc(-c2cnc(C#N)cn2)nc2c1cnn2C1=NN=CC1,derivative
CNc1cccc(N2CCOC[C@H]2C)c1-c1cc(-c2cncc3[nH]ccc23)c2cnn(C3=NN=CC3)c2n1,derivative
CNc1cccc(N2CCOC[C@H]2C)c1-c1cc(-c2cncc3[nH]ccc23)nc2c1cnn2C1=NN=CC1,derivative
CNc1cccc(N2CCOC[C@H]2C)c1-c1cc(C2([S@](C)(=N)=O)CC2)c2cnn(C3=NN=CC3)c2n1,derivative
CNc1cccc(N2CCOC[C@H]2C)c1-c1cc(C2([S@](C)(=N)=O)CC2)nc2c1cnn2C1=NN=CC1,derivative
CNc1cccc(N2CCOC[C@H]2C)c1-c1cc(N(C)C)c2cnn(C3=NN=CC3)c2n1,derivative
CNc1cccc(N2CCOC[C@H]2C)c1-c1cc(N(C)C)nc2c1cnn2C1=NN=CC1,derivative
CNc1cccc(N2CCOC[C@H]2C)c1-c1cc(N2CCOC[C@H]2C)c2cnn(C3=NN=CC3)c2n1,derivative
CNc1cccc(N2CCOC[C@H]2C)c1-c1cc(N2CCOC[C@H]2C)nc2c1cnn2C1=NN=CC1,derivative
CNc1cccc(N2CCOC[C@H]2C)c1-c1cc(NC)c2cnn(C3=NN=CC3)c2n1,derivative
CNc1cccc(N2CCOC[C@H]2C)c1-c1cc(OC)c2cnn(C3=NN=CC3)c2n1,derivative
CNc1cccc(N2CCOC[C@H]2C)c1-c1cc(OC)nc2c1cnn2C1=NN=CC1,derivative
CNc1cccc(N2CCOC[C@H]2C)c1-c1cc([C@]2(O)C[C@H]3CC[C@@H](C2)O3)c2cnn(C3=NN=CC3)c2n1,derivative
CNc1cccc(N2CCOC[C@H]2C)c1-c1cc([C@]2(O)C[C@H]3CC[C@@H](C2)O3)nc2c1cnn2C1=NN=CC1,derivative
CNc1cccc(NC)c1-c1cc(-c2ccc(S(=O)(=O)C(C)C)cc2)c2cnn(C3=NN=CC3)c2n1,derivative
CNc1cccc(NC)c1-c1cc(-c2ccc(S(=O)(=O)C(C)C)cc2)nc2c1cnn2C1=NN=CC1,derivative
CNc1cccc(NC)c1-c1cc(-c2cnc(C#N)cn2)c2cnn(C3=NN=CC3)c2n1,derivative
CNc1cccc(NC)c1-c1cc(-c2cnc(C#N)cn2)nc2c1cnn2C1=NN=CC1,derivative
CNc1cccc(NC)c1-c1cc(-c2cncc3[nH]ccc23)c2cnn(C3=NN=CC3)c2n1,derivative
CNc1cccc(NC)c1-c1cc(-c2cncc3[nH]ccc23)nc2c1cnn2C1=NN=CC1,derivative
CNc1cccc(NC)c1-c1cc(C2([S@](C)(=N)=O)CC2)c2cnn(C3=NN=CC3)c2n1,derivative
CNc1cccc(NC)c1-c1cc(C2([S@](C)(=N)=O)CC2)nc2c1cnn2C1=NN=CC1,derivative
CNc1cccc(NC)c1-c1cc(N(C)C)c2cnn(C3=NN=CC3)c2n1,derivative
CNc1cccc(NC)c1-c1cc(N(C)C)nc2c1cnn2C1=NN=CC1,derivative
CNc1cccc(NC)c1-c1cc(N2CCOC[C@H]2C)c2cnn(C3=NN=CC3)c2n1,derivative
CNc1cccc(NC)c1-c1cc(N2CCOC[C@H]2C)nc2c1cnn2C1=NN=CC1,derivative
CNc1cccc(NC)c1-c1cc(NC)c2cnn(C3=NN=CC3)c2n1,derivative
CNc1cccc(NC)c1-c1cc(OC)c2cnn(C3=NN=CC3)c2n1,derivative
CNc1cccc(NC)c1-c1cc(OC)nc2c1cnn2C1=NN=CC1,derivative
CNc1cccc(NC)c1-c1cc([C@]2(O)C[C@H]3CC[C@@H](C2)O3)c2cnn(C3=NN=CC3)c2n1,derivative
CNc1cccc(NC)c1-c1cc([C@]2(O)C[C@H]3CC[C@@H](C2)O3)nc2c1cnn2C1=NN=CC1,derivative
CNc1cccc(OC)c1-c1cc(-c2ccc(S(=O)(=O)C(C)C)cc2)c2cnn(C3=NN=CC3)c2n1,derivative
CNc1cccc(OC)c1-c1cc(-c2ccc(S(=O)(=O)C(C)C)cc2)nc2c1cnn2C1=NN=CC1,derivative
CNc1cccc(OC)c1-c1cc(-c2cnc(C#N)cn2)c2cnn(C3=NN=CC3)c2n1,derivative
CNc1cccc(OC)c1-c1cc(-c2cnc(C#N)cn2)nc2c1cnn2C1=NN=CC1,derivative
CNc1cccc(OC)c1-c1cc(-c2cncc3[nH]ccc23)c2cnn(C3=NN=CC3)c2n1,derivative
CNc1cccc(OC)c1-c1cc(-c2cncc3[nH]ccc23)nc2c1cnn2C1=NN=CC1,derivative
CNc1cccc(OC)c1-c1cc(C2([S@](C)(=N)=O)CC2)c2cnn(C3=NN=CC3)c2n1,derivative
CNc1cccc(OC)c1-c1cc(C2([S@](C)(=N)=O)CC2)nc2c1cnn2C1=NN=CC1,derivative
CNc1cccc(OC)c1-c1cc(N(C)C)c2cnn(C3=NN=CC3)c2n1,derivative
CNc1cccc(OC)c1-c1cc(N(C)C)nc2c1cnn2C1=NN=CC1,derivative
CNc1cccc(OC)c1-c1cc(N2CCOC[C@H]2C)c2cnn(C3=NN=CC3)c2n1,derivative
CNc1cccc(OC)c1-c1cc(N2CCOC[C@H]2C)nc2c1cnn2C1=NN=CC1,derivative
CNc1cccc(OC)c1-c1cc(NC)c2cnn(C3=NN=CC3)c2n1,derivative
CNc1cccc(OC)c1-c1cc(OC)c2cnn(C3=NN=CC3)c2n1,derivative
CNc1cccc(OC)c1-c1cc(OC)nc2c1cnn2C1=NN=CC1,derivative
CNc1cccc(OC)c1-c1cc([C@]2(O)C[C@H]3CC[C@@H](C2)O3)c2cnn(C3=NN=CC3)c2n1,derivative
CNc1cccc(OC)c1-c1cc([C@]2(O)C[C@H]3CC[C@@H](C2)O3)nc2c1cnn2C1=NN=CC1,derivative
CNc1cccc([C@]2(O)C[C@H]3CC[C@@H](C2)O3)c1-c1cc(-c2cncc3[nH]ccc23)c2cnn(C3=NN=CC3)c2n1,derivative
CNc1cccc([C@]2(O)C[C@H]3CC[C@@H](C2)O3)c1-c1cc(-c2cncc3[nH]ccc23)nc2c1cnn2C1=NN=CC1,derivative
CNc1cccc([C@]2(O)C[C@H]3CC[C@@H](C2)O3)c1-c1cc(N(C)C)c2cnn(C3=NN=CC3)c2n1,derivative
CNc1cccc([C@]2(O)C[C@H]3CC[C@@H](C2)O3)c1-c1cc(N(C)C)nc2c1cnn2C1=NN=CC1,derivative
CNc1cccc([C@]2(O)C[C@H]3CC[C@@H](C2)O3)c1-c1cc(N2CCOC[C@H]2C)c2cnn(C3=NN=CC3)c2n1,derivative
CNc1cccc([C@]2(O)C[C@H]3CC[C@@H](C2)O3)c1-c1cc(N2CCOC[C@H]2C)nc2c1cnn2C1=NN=CC1,derivative
CNc1cccc([C@]2(O)C[C@H]3CC[C@@H](C2)O3)c1-c1cc(NC)c2cnn(C3=NN=CC3)c2n1,derivative
CNc1cccc([C@]2(O)C[C@H]3CC[C@@H](C2)O3)c1-c1cc(OC)c2cnn(C3=NN=CC3)c2n1,derivative
CNc1cccc([C@]2(O)C[C@H]3CC[C@@H](C2)O3)c1-c1cc(OC)nc2c1cnn2C1=NN=CC1,derivative
CNc1cccc([C@]2(O)C[C@H]3CC[C@@H](C2)O3)c1-c1cc([C@]2(O)C[C@H]3CC[C@@H](C2)O3)c2cnn(C3=NN=CC3)c2n1,derivative
CNc1cccc([C@]2(O)C[C@H]3CC[C@@H](C2)O3)c1-c1cc([C@]2(O)C[C@H]3CC[C@@H](C2)O3)nc2c1cnn2C1=NN=CC1,derivative
CNc1nc(-c2cc(C3([S@](C)(=N)=O)CC3)nc3c2cnn3C2=NN=CC2)cc(N(C)C)n1,derivative
COC[C@@H](C)Nc1cc(C2([S@](C)(=N)=O)CC2)nc2c1cnn2C1=NN=CC1,derivative
COC[C@@H](C)Nc1cc([C@]2(O)C[C@H]3CC[C@@H](C2)O3)nc2c1cnn2C1=NN=CC1,derivative
COC[C@@H](C)Oc1cc(C2([S@](C)(=N)=O)CC2)nc2c1cnn2C1=NN=CC1,derivative
COCc1cc(-c2cc(C3([S@](C)(=N)=O)CC3)nc3c2cnn3C2=NN=CC2)[nH]n1,derivative
COCc1cc(-c2cc(C3([S@](C)(=N)=O)CC3)nc3c2cnn3C2=NN=CC2)n[nH]1,derivative
COCc1cc(-c2cc(C3([S@](C)(=N)=O)CC3)nc3c2cnn3C2=NN=CC2)no1,derivative
COCc1cc(-c2cc(C3([S@](C)(=N)=O)CC3)nc3c2cnn3C2=NN=CC2)on1,derivative
COCc1cc(-c2cc(N(C)C)c3cnn(C4=NN=CC4)c3n2)nc2c1cnn2C1=NN=CC1,derivative
COCc1cc(-c2cc(OC)c3cnn(C4=NN=CC4)c3n2)nc2c1cnn2C1=NN=CC1,derivative
COCc1cc(-c2cc([C@]3(O)C[C@H]4CC[C@@H](C3)O4)nc3c2cnn3C2=NN=CC2)[nH]n1,derivative
COCc1cc(-c2cc([C@]3(O)C[C@H]4CC[C@@H](C3)O4)nc3c2cnn3C2=NN=CC2)n[nH]1,derivative
COCc1cc(-c2cc([C@]3(O)C[C@H]4CC[C@@H](C3)O4)nc3c2cnn3C2=NN=CC2)no1,derivative
COCc1cc(-c2cc([C@]3(O)C[C@H]4CC[C@@H](C3)O4)nc3c2cnn3C2=NN=CC2)on1,derivative
COCc1cc(C2([S@](C)(=N)=O)CC2)nc2c1cnn2C1=NN=CC1,derivative
COCc1ccc(-c2cc(C3([S@](C)(=N)=O)CC3)nc3c2cnn3C2=NN=CC2)cc1,derivative
COCc1ccc(-c2cc([C@]3(O)C[C@H]4CC[C@@H](C3)O4)nc3c2cnn3C2=NN=CC2)cc1,derivative
CO[C@H](C)CNc1cc(C2([S@](C)(=N)=O)CC2)nc2c1cnn2C1=NN=CC1,derivative
CO[C@H](C)CNc1cc([C@]2(O)C[C@H]3CC[C@@H](C2)O3)nc2c1cnn2C1=NN=CC1,derivative
CO[C@H](C)COc1cc(C2([S@](C)(=N)=O)CC2)nc2c1cnn2C1=NN=CC1,derivative
COc1c(-c2cc(C3([S@](C)(=N)=O)CC3)nc3c2cnn3C2=NN=CC2)cccc1N(C)C,derivative
COc1c(-c2cc(C3([S@](C)(=N)=O)CC3)nc3c2cnn3C2=NN=CC2)cccc1N1CCOC[C@H]1C,derivative
COc1c(-c2cc([C@]3(O)C[C@H]4CC[C@@H](C3)O4)nc3c2cnn3C2=NN=CC2)cccc1N(C)C,derivative
COc1c(-c2cc([C@]3(O)C[C@H]4CC[C@@H](C3)O4)nc3c2cnn3C2=NN=CC2)cccc1N1CCOC[C@H]1C,derivative
COc1c(-c2cc([C@]3(O)C[C@H]4CC[C@@H](C3)O4)nc3c2cnn3C2=NN=CC2)cccc1[C@]1(O)C[C@H]2CC[C@@H](C1)O2,derivative
COc1c(-c2cncc3[nH]ccc23)cccc1-c1cc([C@]2(O)C[C@H]3CC[C@@H](C2)O3)nc2c1cnn2C1=NN=CC1,derivative
COc1cc(-c2c(-c3ccc(S(=O)(=O)C(C)C)cc3)cccc2N(C)C)c2cnn(C3=NN=CC3)c2n1,derivative
COc1cc(-c2c(-c3ccc(S(=O)(=O)C(C)C)cc3)cccc2N(C)C)nc2c1cnn2C1=NN=CC1,derivative
COc1cc(-c2c(-c3ccc(S(=O)(=O)C(C)C)cc3)cccc2N2CCOC[C@H]2C)c2cnn(C3=NN=CC3)c2n1,derivative
COc1cc(-c2c(-c3ccc(S(=O)(=O)C(C)C)cc3)cccc2N2CCOC[C@H]2C)nc2c1cnn2C1=NN=CC1,derivative
COc1cc(-c2c(-c3cnc(C#N)cn3)cccc2N(C)C)c2cnn(C3=NN=CC3)c2n1,derivative
COc1cc(-c2c(-c3cnc(C#N)cn3)cccc2N(C)C)nc2c1cnn2C1=NN=CC1,derivative
COc1cc(-c2c(-c3cnc(C#N)cn3)cccc2N2CCOC[C@H]2C)c2cnn(C3=NN=CC3)c2n1,derivative
COc1cc(-c2c(-c3cnc(C#N)cn3)cccc2N2CCOC[C@H]2C)nc2c1cnn2C1=NN=CC1,derivative
COc1cc(-c2c(-c3cncc4[nH]ccc34)cccc2N(C)C)c2cnn(C3=NN=CC3)c2n1,derivative
COc1cc(-c2c(-c3cncc4[nH]ccc34)cccc2N(C)C)nc2c1cnn2C1=NN=CC1,derivative
COc1cc(-c2c(-c3cncc4[nH]ccc34)cccc2N2CCOC[C@H]2C)c2cnn(C3=NN=CC3)c2n1,derivative
COc1cc(-c2c(-c3cncc4[nH]ccc34)cccc2N2CCOC[C@H]2C)nc2c1cnn2C1=NN=CC1,derivative
COc1cc(-c2c(-c3cncc4[nH]ccc34)cccc2[C@]2(O)C[C@H]3CC[C@@H](C2)O3)c2cnn(C3=NN=CC3)c2n1,derivative
COc1cc(-c2c(-c3cncc4[nH]ccc34)cccc2[C@]2(O)C[C@H]3CC[C@@H](C2)O3)nc2c1cnn2C1=NN=CC1,derivative
COc1cc(-c2c(N(C)C)cccc2C2([S@](C)(=N)=O)CC2)c2cnn(C3=NN=CC3)c2n1,derivative
COc1cc(-c2c(N(C)C)cccc2C2([S@](C)(=N)=O)CC2)nc2c1cnn2C1=NN=CC1,derivative
COc1cc(-c2c(N(C)C)cccc2N(C)C)c2cnn(C3=NN=CC3)c2n1,derivative
COc1cc(-c2c(N(C)C)cccc2N(C)C)nc2c1cnn2C1=NN=CC1,derivative
COc1cc(-c2c(N(C)C)cccc2N2CCOC[C@H]2C)c2cnn(C3=NN=CC3)c2n1,derivative
COc1cc(-c2c(N(C)C)cccc2N2CCOC[C@H]2C)nc2c1cnn2C1=NN=CC1,derivative
COc1cc(-c2c(N(C)C)cccc2[C@]2(O)C[C@H]3CC[C@@H](C2)O3)c2cnn(C3=NN=CC3)c2n1,derivative
COc1cc(-c2c(N(C)C)cccc2[C@]2(O)C[C@H]3CC[C@@H](C2)O3)nc2c1cnn2C1=NN=CC1,derivative
COc1cc(-c2c(N3CCOC[C@H]3C)cccc2C2([S@](C)(=N)=O)CC2)c2cnn(C3=NN=CC3)c2n1,derivative
COc1cc(-c2c(N3CCOC[C@H]3C)cccc2C2([S@](C)(=N)=O)CC2)nc2c1cnn2C1=NN=CC1,derivative
COc1cc(-c2c(N3CCOC[C@H]3C)cccc2N2CCOC[C@H]2C)c2cnn(C3=NN=CC3)c2n1,derivative
COc1cc(-c2c(N3CCOC[C@H]3C)cccc2N2CCOC[C@H]2C)nc2c1cnn2C1=NN=CC1,derivative
COc1cc(-c2c(N3CCOC[C@H]3C)cccc2[C@]2(O)C[C@H]3CC[C@@H](C2)O3)c2cnn(C3=NN=CC3)c2n1,derivative
COc1cc(-c2c(N3CCOC[C@H]3C)cccc2[C@]2(O)C[C@H]3CC[C@@H](C2)O3)nc2c1cnn2C1=NN=CC1,derivative
COc1cc(-c2c(OC)cccc2-c2ccc(S(=O)(=O)C(C)C)cc2)c2cnn(C3=NN=CC3)c2n1,derivative
COc1cc(-c2c(OC)cccc2-c2cnc(C#N)cn2)c2cnn(C3=NN=CC3)c2n1,derivative
COc1cc(-c2c(OC)cccc2-c2cncc3[nH]ccc23)c2cnn(C3=NN=CC3)c2n1,derivative
COc1cc(-c2c(OC)cccc2C2([S@](C)(=N)=O)CC2)c2cnn(C3=NN=CC3)c2n1,derivative
COc1cc(-c2c(OC)cccc2N(C)C)c2cnn(C3=NN=CC3)c2n1,derivative
COc1cc(-c2c(OC)cccc2N2CCOC[C@H]2C)c2cnn(C3=NN=CC3)c2n1,derivative
COc1cc(-c2c(OC)cccc2OC)c2cnn(C3=NN=CC3)c2n1,derivative
COc1cc(-c2c(OC)cccc2[C@]2(O)C[C@H]3CC[C@@H](C2)O3)c2cnn(C3=NN=CC3)c2n1,derivative
COc1cc(-c2c([C@]3(O)C[C@H]4CC[C@@H](C3)O4)cccc2[C@]2(O)C[C@H]3CC[C@@H](C2)O3)c2cnn(C3=NN=CC3)c2n1,derivative
COc1cc(-c2c([C@]3(O)C[C@H]4CC[C@@H](C3)O4)cccc2[C@]2(O)C[C@H]3CC[C@@H](C2)O3)nc2c1cnn2C1=NN=CC1,derivative
COc1cc(-c2cc(-c3ccc(N(C)C)cc3)c3cnn(C4=NN=CC4)c3n2)nc2c1cnn2C1=NN=CC1,derivative
COc1cc(-c2cc(C3([S@](C)(=N)=O)CC3)nc3c2cnn3C2=NN=CC2)[nH]n1,derivative
COc1cc(-c2cc(C3([S@](C)(=N)=O)CC3)nc3c2cnn3C2=NN=CC2)n[nH]1,derivative
COc1cc(-c2cc(C3([S@](C)(=N)=O)CC3)nc3c2cnn3C2=NN=CC2)nc(N(C)C)n1,derivative
COc1cc(-c2cc(C3([S@](C)(=N)=O)CC3)nc3c2cnn3C2=NN=CC2)no1,derivative
COc1cc(-c2cc(C3([S@](C)(=N)=O)CC3)nc3c2cnn3C2=NN=CC2)on1,derivative
COc1cc(-c2cc(CN(C)C)c3cnn(C4=NN=CC4)c3n2)nc2c1cnn2C1=NN=CC1,derivative
COc1cc(-c2cc(N(C)C)c3cnn(C4=NN=CC4)c3n2)nc2c1cnn2C1=NN=CC1,derivative
COc1cc(-c2cc(OC)c3cnn(C4=NN=CC4)c3n2)nc2c1cnn2C1=NN=CC1,derivative
COc1cc(-c2cc([C@]3(O)C[C@H]4CC[C@@H](C3)O4)nc3c2cnn3C2=NN=CC2)[nH]n1,derivative
COc1cc(-c2cc([C@]3(O)C[C@H]4CC[C@@H](C3)O4)nc3c2cnn3C2=NN=CC2)n[nH]1,derivative
COc1cc(-c2cc([C@]3(O)C[C@H]4CC[C@@H](C3)O4)nc3c2cnn3C2=NN=CC2)nc(OC)n1,derivative
COc1cc(-c2cc([C@]3(O)C[C@H]4CC[C@@H](C3)O4)nc3c2cnn3C2=NN=CC2)no1,derivative
COc1cc(-c2cc([C@]3(O)C[C@H]4CC[C@@H](C3)O4)nc3c2cnn3C2=NN=CC2)on1,derivative
COc1cc(-c2ccc(-c3cc(C4([S@](C)(=N)=O)CC4)nc4c3cnn4C3=NN=CC3)cc2)no1,derivative
COc1cc(-c2ccc(-c3cc(C4([S@](C)(=N)=O)CC4)nc4c3cnn4C3=NN=CC3)cc2)on1,derivative
COc1cc(-c2ccc(-c3cc([C@]4(O)C[C@H]5CC[C@@H](C4)O5)nc4c3cnn4C3=NN=CC3)cc2)[nH]n1,derivative
COc1cc(-c2ccc(-c3cc([C@]4(O)C[C@H]5CC[C@@H](C4)O5)nc4c3cnn4C3=NN=CC3)cc2)n[nH]1,derivative
COc1cc(-c2ccc(-c3cc([C@]4(O)C[C@H]5CC[C@@H](C4)O5)nc4c3cnn4C3=NN=CC3)cc2)no1,derivative
COc1cc(-c2ccc(-c3cc([C@]4(O)C[C@H]5CC[C@@H](C4)O5)nc4c3cnn4C3=NN=CC3)cc2)on1,derivative
COc1cc(C2([S@](C)(=N)=O)CC2)nc2c1cnn2C1=NN=CC1,derivative
COc1cc(N(C)C)nc(-c2cc(C3([S@](C)(=N)=O)CC3)nc3c2cnn3C2=NN=CC2)n1,derivative
COc1cc(Nc2cc([C@]3(O)C[C@H]4CC[C@@H](C3)O4)nc3c2cnn3C2=NN=CC2)[nH]n1,derivative
COc1cc(Nc2cc([C@]3(O)C[C@H]4CC[C@@H](C3)O4)nc3c2cnn3C2=NN=CC2)n[nH]1,derivative
COc1cc(Nc2cc([C@]3(O)C[C@H]4CC[C@@H](C3)O4)nc3c2cnn3C2=NN=CC2)no1,derivative
COc1cc(Nc2cc([C@]3(O)C[C@H]4CC[C@@H](C3)O4)nc3c2cnn3C2=NN=CC2)on1,derivative
COc1cc([C@]2(O)C[C@H]3CC[C@@H](C2)O3)nc2c1cnn2C1=NN=CC1,derivative
COc1ccc(-c2cc(-c3cc(C4([S@](C)(=N)=O)CC4)nc4c3cnn4C3=NN=CC3)no2)cc1,derivative
COc1ccc(-c2cc(-c3cc(C4([S@](C)(=N)=O)CC4)nc4c3cnn4C3=NN=CC3)on2)cc1,derivative
COc1ccc(-c2cc(-c3cc(N(C)C)c4cnn(C5=NN=CC5)c4n3)nc3c2cnn3C2=NN=CC2)cc1,derivative
COc1ccc(-c2cc(-c3cc(OC)c4cnn(C5=NN=CC5)c4n3)nc3c2cnn3C2=NN=CC2)cc1,derivative
COc1ccc(-c2cc(-c3cc([C@]4(O)C[C@H]5CC[C@@H](C4)O5)nc4c3cnn4C3=NN=CC3)[nH]n2)cc1,derivative
COc1ccc(-c2cc(-c3cc([C@]4(O)C[C@H]5CC[C@@H](C4)O5)nc4c3cnn4C3=NN=CC3)n[nH]2)cc1,derivative
COc1ccc(-c2cc(-c3cc([C@]4(O)C[C@H]5CC[C@@H](C4)O5)nc4c3cnn4C3=NN=CC3)no2)cc1,derivative
COc1ccc(-c2cc(-c3cc([C@]4(O)C[C@H]5CC[C@@H](C4)O5)nc4c3cnn4C3=NN=CC3)on2)cc1,derivative
COc1ccc(-c2cc(C3([S@](C)(=N)=O)CC3)nc3c2cnn3C2=NN=CC2)cc1,derivative
COc1ccc(-c2cc([C@]3(O)C[C@H]4CC[C@@H](C3)O4)nc3c2cnn3C2=NN=CC2)cc1,derivative
COc1ccc(-c2ccc(-c3cc(C4([S@](C)(=N)=O)CC4)nc4c3cnn4C3=NN=CC3)cc2)cc1,derivative
COc1ccc(-c2ccc(-c3cc([C@]4(O)C[C@H]5CC[C@@H](C4)O5)nc4c3cnn4C3=NN=CC3)cc2)cc1,derivative
COc1ccc(Nc2cc(C3([S@](C)(=N)=O)CC3)nc3c2cnn3C2=NN=CC2)cc1,derivative
COc1ccc(Nc2cc([C@]3(O)C[C@H]4CC[C@@H](C3)O4)nc3c2cnn3C2=NN=CC2)cc1,derivative
COc1ccc(Oc2cc(C3([S@](C)(=N)=O)CC3)nc3c2cnn3C2=NN=CC2)cc1,derivative
COc1cccc(-c2cc(C3([S@](C)(=N)=O)CC3)nc3c2cnn3C2=NN=CC2)c1N(C)C,derivative
COc1cccc(-c2cc(C3([S@](C)(=N)=O)CC3)nc3c2cnn3C2=NN=CC2)c1N1CCOC[C@H]1C,derivative
COc1cccc(-c2cc(C3([S@](C)(=N)=O)CC3)nc3c2cnn3C2=NN=CC2)c1OC,derivative
COc1cccc(-c2cc([C@]3(O)C[C@H]4CC[C@@H](C3)O4)nc3c2cnn3C2=NN=CC2)c1-c1cncc2[nH]ccc12,derivative
COc1cccc(-c2cc([C@]3(O)C[C@H]4CC[C@@H](C3)O4)nc3c2cnn3C2=NN=CC2)c1N(C)C,derivative
COc1cccc(-c2cc([C@]3(O)C[C@H]4CC[C@@H](C3)O4)nc3c2cnn3C2=NN=CC2)c1N1CCOC[C@H]1C,derivative
COc1cccc(-c2cc([C@]3(O)C[C@H]4CC[C@@H](C3)O4)nc3c2cnn3C2=NN=CC2)c1OC,derivative
COc1cccc(-c2cc([C@]3(O)C[C@H]4CC[C@@H](C3)O4)nc3c2cnn3C2=NN=CC2)c1[C@]1(O)C[C@H]2CC[C@@H](C1)O2,derivative
COc1cccc(-c2ccc(S(=O)(=O)C(C)C)cc2)c1-c1cc(N(C)C)c2cnn(C3=NN=CC3)c2n1,derivative
COc1cccc(-c2ccc(S(=O)(=O)C(C)C)cc2)c1-c1cc(N(C)C)nc2c1cnn2C1=NN=CC1,derivative
COc1cccc(-c2ccc(S(=O)(=O)C(C)C)cc2)c1-c1cc(N2CCOC[C@H]2C)c2cnn(C3=NN=CC3)c2n1,derivative
COc1cccc(-c2ccc(S(=O)(=O)C(C)C)cc2)c1-c1cc(N2CCOC[C@H]2C)nc2c1cnn2C1=NN=CC1,derivative
COc1cccc(-c2ccc(S(=O)(=O)C(C)C)cc2)c1-c1cc(OC)c2cnn(C3=NN=CC3)c2n1,derivative
COc1cccc(-c2cnc(C#N)cn2)c1-c1cc(N(C)C)c2cnn(C3=NN=CC3)c2n1,derivative
COc1cccc(-c2cnc(C#N)cn2)c1-c1cc(N(C)C)nc2c1cnn2C1=NN=CC1,derivative
COc1cccc(-c2cnc(C#N)cn2)c1-c1cc(N2CCOC[C@H]2C)c2cnn(C3=NN=CC3)c2n1,derivative
COc1cccc(-c2cnc(C#N)cn2)c1-c1cc(N2CCOC[C@H]2C)nc2c1cnn2C1=NN=CC1,derivative
COc1cccc(-c2cnc(C#N)cn2)c1-c1cc(OC)c2cnn(C3=NN=CC3)c2n1,derivative
COc1cccc(-c2cncc3[nH]ccc23)c1-c1cc(N(C)C)c2cnn(C3=NN=CC3)c2n1,derivative
COc1cccc(-c2cncc3[nH]ccc23)c1-c1cc(N(C)C)nc2c1cnn2C1=NN=CC1,derivative
COc1cccc(-c2cncc3[nH]ccc23)c1-c1cc(N2CCOC[C@H]2C)c2cnn(C3=NN=CC3)c2n1,derivative
COc1cccc(-c2cncc3[nH]ccc23)c1-c1cc(N2CCOC[C@H]2C)nc2c1cnn2C1=NN=CC1,derivative
COc1cccc(-c2cncc3[nH]ccc23)c1-c1cc(OC)c2cnn(C3=NN=CC3)c2n1,derivative
COc1cccc(-c2cncc3[nH]ccc23)c1-c1cc([C@]2(O)C[C@H]3CC[C@@H](C2)O3)c2cnn(C3=NN=CC3)c2n1,derivative
COc1cccc(-c2cncc3[nH]ccc23)c1-c1cc([C@]2(O)C[C@H]3CC[C@@H](C2)O3)nc2c1cnn2C1=NN=CC1,derivative
COc1cccc(C2([S@](C)(=N)=O)CC2)c1-c1cc(N(C)C)c2cnn(C3=NN=CC3)c2n1,derivative
COc1cccc(C2([S@](C)(=N)=O)CC2)c1-c1cc(N(C)C)nc2c1cnn2C1=NN=CC1,derivative
COc1cccc(C2([S@](C)(=N)=O)CC2)c1-c1cc(N2CCOC[C@H]2C)c2cnn(C3=NN=CC3)c2n1,derivative
COc1cccc(C2([S@](C)(=N)=O)CC2)c1-c1cc(N2CCOC[C@H]2C)nc2c1cnn2C1=NN=CC1,derivative
COc1cccc(C2([S@](C)(=N)=O)CC2)c1-c1cc(OC)c2cnn(C3=NN=CC3)c2n1,derivative
COc1cccc(N(C)C)c1-c1cc(-c2ccc(S(=O)(=O)C(C)C)cc2)c2cnn(C3=NN=CC3)c2n1,derivative
COc1cccc(N(C)C)c1-c1cc(-c2ccc(S(=O)(=O)C(C)C)cc2)nc2c1cnn2C1=NN=CC1,derivative
COc1cccc(N(C)C)c1-c1cc(-c2cnc(C#N)cn2)c2cnn(C3=NN=CC3)c2n1,derivative
COc1cccc(N(C)C)c1-c1cc(-c2cnc(C#N)cn2)nc2c1cnn2C1=NN=CC1,derivative
COc1cccc(N(C)C)c1-c1cc(-c2cncc3[nH]ccc23)c2cnn(C3=NN=CC3)c2n1,derivative
COc1cccc(N(C)C)c1-c1cc(-c2cncc3[nH]ccc23)nc2c1cnn2C1=NN=CC1,derivative
COc1cccc(N(C)C)c1-c1cc(C2([S@](C)(=N)=O)CC2)c2cnn(C3=NN=CC3)c2n1,derivative
COc1cccc(N(C)C)c1-c1cc(C2([S@](C)(=N)=O)CC2)nc2c1cnn2C1=NN=CC1,derivative
COc1cccc(N(C)C)c1-c1cc(N(C)C)c2cnn(C3=NN=CC3)c2n1,derivative
COc1cccc(N(C)C)c1-c1cc(N(C)C)nc2c1cnn2C1=NN=CC1,derivative
COc1cccc(N(C)C)c1-c1cc(N2CCOC[C@H]2C)c2cnn(C3=NN=CC3)c2n1,derivative
COc1cccc(N(C)C)c1-c1cc(N2CCOC[C@H]2C)nc2c1cnn2C1=NN=CC1,derivative
COc1cccc(N(C)C)c1-c1cc(OC)c2cnn(C3=NN=CC3)c2n1,derivative
COc1cccc(N(C)C)c1-c1cc([C@]2(O)C[C@H]3CC[C@@H](C2)O3)c2cnn(C3=NN=CC3)c2n1,derivative
COc1cccc(N(C)C)c1-c1cc([C@]2(O)C[C@H]3CC[C@@H](C2)O3)nc2c1cnn2C1=NN=CC1,derivative
COc1cccc(N2CCOC[C@H]2C)c1-c1cc(-c2ccc(S(=O)(=O)C(C)C)cc2)c2cnn(C3=NN=CC3)c2n1,derivative
COc1cccc(N2CCOC[C@H]2C)c1-c1cc(-c2ccc(S(=O)(=O)C(C)C)cc2)nc2c1cnn2C1=NN=CC1,derivative
COc1cccc(N2CCOC[C@H]2C)c1-c1cc(-c2cnc(C#N)cn2)c2cnn(C3=NN=CC3)c2n1,derivative
COc1cccc(N2CCOC[C@H]2C)c1-c1cc(-c2cnc(C#N)cn2)nc2c1cnn2C1=NN=CC1,derivative
COc1cccc(N2CCOC[C@H]2C)c1-c1cc(-c2cncc3[nH]ccc23)c2cnn(C3=NN=CC3)c2n1,derivative
COc1cccc(N2CCOC[C@H]2C)c1-c1cc(-c2cncc3[nH]ccc23)nc2c1cnn2C1=NN=CC1,derivative
COc1cccc(N2CCOC[C@H]2C)c1-c1cc(C2([S@](C)(=N)=O)CC2)c2cnn(C3=NN=CC3)c2n1,derivative
COc1cccc(N2CCOC[C@H]2C)c1-c1cc(C2([S@](C)(=N)=O)CC2)nc2c1cnn2C1=NN=CC1,derivative
COc1cccc(N2CCOC[C@H]2C)c1-c1cc(N(C)C)c2cnn(C3=NN=CC3)c2n1,derivative
COc1cccc(N2CCOC[C@H]2C)c1-c1cc(N(C)C)nc2c1cnn2C1=NN=CC1,derivative
COc1cccc(N2CCOC[C@H]2C)c1-c1cc(N2CCOC[C@H]2C)c2cnn(C3=NN=CC3)c2n1,derivative
COc1cccc(N2CCOC[C@H]2C)c1-c1cc(N2CCOC[C@H]2C)nc2c1cnn2C1=NN=CC1,derivative
COc1cccc(N2CCOC[C@H]2C)c1-c1cc(OC)c2cnn(C3=NN=CC3)c2n1,derivative
COc1cccc(N2CCOC[C@H]2C)c1-c1cc([C@]2(O)C[C@H]3CC[C@@H](C2)O3)c2cnn(C3=NN=CC3)c2n1,derivative
COc1cccc(N2CCOC[C@H]2C)c1-c1cc([C@]2(O)C[C@H]3CC[C@@H](C2)O3)nc2c1cnn2C1=NN=CC1,derivative
COc1cccc(OC)c1-c1cc(-c2ccc(S(=O)(=O)C(C)C)cc2)c2cnn(C3=NN=CC3)c2n1,derivative
COc1cccc(OC)c1-c1cc(-c2ccc(S(=O)(=O)C(C)C)cc2)nc2c1cnn2C1=NN=CC1,derivative
COc1cccc(OC)c1-c1cc(-c2cnc(C#N)cn2)c2cnn(C3=NN=CC3)c2n1,derivative
COc1cccc(OC)c1-c1cc(-c2cnc(C#N)cn2)nc2c1cnn2C1=NN=CC1,derivative
COc1cccc(OC)c1-c1cc(-c2cncc3[nH]ccc23)c2cnn(C3=NN=CC3)c2n1,derivative
COc1cccc(OC)c1-c1cc(-c2cncc3[nH]ccc23)nc2c1cnn2C1=NN=CC1,derivative
COc1cccc(OC)c1-c1cc(C2([S@](C)(=N)=O)CC2)c2cnn(C3=NN=CC3)c2n1,derivative
COc1cccc(OC)c1-c1cc(C2([S@](C)(=N)=O)CC2)nc2c1cnn2C1=NN=CC1,derivative
COc1cccc(OC)c1-c1cc(N(C)C)c2cnn(C3=NN=CC3)c2n1,derivative
COc1cccc(OC)c1-c1cc(N(C)C)nc2c1cnn2C1=NN=CC1,derivative
COc1cccc(OC)c1-c1cc(N2CCOC[C@H]2C)c2cnn(C3=NN=CC3)c2n1,derivative
COc1cccc(OC)c1-c1cc(N2CCOC[C@H]2C)nc2c1cnn2C1=NN=CC1,derivative
COc1cccc(OC)c1-c1cc(OC)c2cnn(C3=NN=CC3)c2n1,derivative
COc1cccc(OC)c1-c1cc([C@]2(O)C[C@H]3CC[C@@H](C2)O3)c2cnn(C3=NN=CC3)c2n1,derivative
COc1cccc(OC)c1-c1cc([C@]2(O)C[C@H]3CC[C@@H](C2)O3)nc2c1cnn2C1=NN=CC1,derivative
COc1cccc([C@]2(O)C[C@H]3CC[C@@H](C2)O3)c1-c1cc(-c2cncc3[nH]ccc23)c2cnn(C3=NN=CC3)c2n1,derivative
COc1cccc([C@]2(O)C[C@H]3CC[C@@H](C2)O3)c1-c1cc(-c2cncc3[nH]ccc23)nc2c1cnn2C1=NN=CC1,derivative
COc1cccc([C@]2(O)C[C@H]3CC[C@@H](C2)O3)c1-c1cc(N(C)C)c2cnn(C3=NN=CC3)c2n1,derivative
COc1cccc([C@]2(O)C[C@H]3CC[C@@H](C2)O3)c1-c1cc(N(C)C)nc2c1cnn2C1=NN=CC1,derivative
COc1cccc([C@]2(O)C[C@H]3CC[C@@H](C2)O3)c1-c1cc(N2CCOC[C@H]2C)c2cnn(C3=NN=CC3)c2n1,derivative
COc1cccc([C@]2(O)C[C@H]3CC[C@@H](C2)O3)c1-c1cc(N2CCOC[C@H]2C)nc2c1cnn2C1=NN=CC1,derivative
COc1cccc([C@]2(O)C[C@H]3CC[C@@H](C2)O3)c1-c1cc(OC)c2cnn(C3=NN=CC3)c2n1,derivative
COc1cccc([C@]2(O)C[C@H]3CC[C@@H](C2)O3)c1-c1cc([C@]2(O)C[C@H]3CC[C@@H](C2)O3)c2cnn(C3=NN=CC3)c2n1,derivative
COc1cccc([C@]2(O)C[C@H]3CC[C@@H](C2)O3)c1-c1cc([C@]2(O)C[C@H]3CC[C@@H](C2)O3)nc2c1cnn2C1=NN=CC1,derivative
COc1nc(-c2cc(C3([S@](C)(=N)=O)CC3)nc3c2cnn3C2=NN=CC2)cc(N(C)C)n1,derivative
C[C@@H]1COCCN1Cc1cc(-c2cc([C@]3(O)C[C@H]4CC[C@@H](C3)O4)nc3c2cnn3C2=NN=CC2)[nH]n1,derivative
C[C@@H]1COCCN1Cc1cc(-c2cc([C@]3(O)C[C@H]4CC[C@@H](C3)O4)nc3c2cnn3C2=NN=CC2)n[nH]1,derivative
C[C@@H]1COCCN1Cc1cc(-c2cc([C@]3(O)C[C@H]4CC[C@@H](C3)O4)nc3c2cnn3C2=NN=CC2)no1,derivative
C[C@@H]1COCCN1Cc1cc(-c2cc([C@]3(O)C[C@H]4CC[C@@H](C3)O4)nc3c2cnn3C2=NN=CC2)on1,derivative
C[C@@H]1COCCN1Cc1cc(C2([S@](C)(=N)=O)CC2)nc2c1cnn2C1=NN=CC1,derivative
C[C@@H]1COCCN1Cc1ccc(-c2cc(C3([S@](C)(=N)=O)CC3)nc3c2cnn3C2=NN=CC2)cc1,derivative
C[C@@H]1COCCN1Cc1ccc(-c2cc([C@]3(O)C[C@H]4CC[C@@H](C3)O4)nc3c2cnn3C2=NN=CC2)cc1,derivative
C[C@@H]1COCCN1[C@H](C)COc1cc(C2([S@](C)(=N)=O)CC2)nc2c1cnn2C1=NN=CC1,derivative
C[C@@H]1COCCN1c1c(-c2cc(C3([S@](C)(=N)=O)CC3)nc3c2cnn3C2=NN=CC2)cccc1N(C)C,derivative
C[C@@H]1COCCN1c1c(-c2cc([C@]3(O)C[C@H]4CC[C@@H](C3)O4)nc3c2cnn3C2=NN=CC2)cccc1N(C)C,derivative
C[C@@H]1COCCN1c1c(-c2cc([C@]3(O)C[C@H]4CC[C@@H](C3)O4)nc3c2cnn3C2=NN=CC2)cccc1[C@]1(O)C[C@H]2CC[C@@H](C1)O2,derivative
C[C@@H]1COCCN1c1cc(-c2c(-c3cnc(C#N)cn3)cccc2N(C)C)c2cnn(C3=NN=CC3)c2n1,derivative
C[C@@H]1COCCN1c1cc(-c2c(-c3cnc(C#N)cn3)cccc2N(C)C)nc2c1cnn2C1=NN=CC1,derivative
C[C@@H]1COCCN1c1cc(-c2c(-c3cncc4[nH]ccc34)cccc2N(C)C)c2cnn(C3=NN=CC3)c2n1,derivative
C[C@@H]1COCCN1c1cc(-c2c(-c3cncc4[nH]ccc34)cccc2N(C)C)nc2c1cnn2C1=NN=CC1,derivative
C[C@@H]1COCCN1c1cc(-c2c(-c3cncc4[nH]ccc34)cccc2N2CCOC[C@H]2C)c2cnn(C3=NN=CC3)c2n1,derivative
C[C@@H]1COCCN1c1cc(-c2c(N(C)C)cccc2C2([S@](C)(=N)=O)CC2)c2cnn(C3=NN=CC3)c2n1,derivative
C[C@@H]1COCCN1c1cc(-c2c(N(C)C)cccc2C2([S@](C)(=N)=O)CC2)nc2c1cnn2C1=NN=CC1,derivative
C[C@@H]1COCCN1c1cc(-c2c(N(C)C)cccc2N(C)C)c2cnn(C3=NN=CC3)c2n1,derivative
C[C@@H]1COCCN1c1cc(-c2c(N(C)C)cccc2N(C)C)nc2c1cnn2C1=NN=CC1,derivative
C[C@@H]1COCCN1c1cc(-c2c(N(C)C)cccc2N2CCOC[C@H]2C)c2cnn(C3=NN=CC3)c2n1,derivative
C[C@@H]1COCCN1c1cc(-c2c(N(C)C)cccc2[C@]2(O)C[C@H]3CC[C@@H](C2)O3)c2cnn(C3=NN=CC3)c2n1,derivative
C[C@@H]1COCCN1c1cc(-c2c(N(C)C)cccc2[C@]2(O)C[C@H]3CC[C@@H](C2)O3)nc2c1cnn2C1=NN=CC1,derivative
C[C@@H]1COCCN1c1cc(-c2c(N3CCOC[C@H]3C)cccc2C2([S@](C)(=N)=O)CC2)c2cnn(C3=NN=CC3)c2n1,derivative
C[C@@H]1COCCN1c1cc(-c2c(N3CCOC[C@H]3C)cccc2N2CCOC[C@H]2C)c2cnn(C3=NN=CC3)c2n1,derivative
C[C@@H]1COCCN1c1cc(-c2c(N3CCOC[C@H]3C)cccc2[C@]2(O)C[C@H]3CC[C@@H](C2)O3)c2cnn(C3=NN=CC3)c2n1,derivative
C[C@@H]1COCCN1c1cc(-c2c([C@]3(O)C[C@H]4CC[C@@H](C3)O4)cccc2[C@]2(O)C[C@H]3CC[C@@H](C2)O3)c2cnn(C3=NN=CC3)c2n1,derivative
C[C@@H]1COCCN1c1cc(-c2c([C@]3(O)C[C@H]4CC[C@@H](C3)O4)cccc2[C@]2(O)C[C@H]3CC[C@@H](C2)O3)nc2c1cnn2C1=NN=CC1,derivative
C[C@@H]1COCCN1c1cc(-c2cc(C3([S@](C)(=N)=O)CC3)nc3c2cnn3C2=NN=CC2)[nH]n1,derivative
C[C@@H]1COCCN1c1cc(-c2cc(C3([S@](C)(=N)=O)CC3)nc3c2cnn3C2=NN=CC2)n[nH]1,derivative
C[C@@H]1COCCN1c1cc(-c2cc(C3([S@](C)(=N)=O)CC3)nc3c2cnn3C2=NN=CC2)no1,derivative
C[C@@H]1COCCN1c1cc(-c2cc(C3([S@](C)(=N)=O)CC3)nc3c2cnn3C2=NN=CC2)on1,derivative
C[C@@H]1COCCN1c1cc(-c2cc([C@]3(O)C[C@H]4CC[C@@H](C3)O4)nc3c2cnn3C2=NN=CC2)[nH]n1,derivative
C[C@@H]1COCCN1c1cc(-c2cc([C@]3(O)C[C@H]4CC[C@@H](C3)O4)nc3c2cnn3C2=NN=CC2)n[nH]1,derivative
C[C@@H]1COCCN1c1cc(-c2cc([C@]3(O)C[C@H]4CC[C@@H](C3)O4)nc3c2cnn3C2=NN=CC2)no1,derivative
C[C@@H]1COCCN1c1cc(-c2cc([C@]3(O)C[C@H]4CC[C@@H](C3)O4)nc3c2cnn3C2=NN=CC2)on1,derivative
C[C@@H]1COCCN1c1cc(-c2ccc(-c3cc([C@]4(O)C[C@H]5CC[C@@H](C4)O5)nc4c3cnn4C3=NN=CC3)cc2)[nH]n1,derivative
C[C@@H]1COCCN1c1cc(-c2ccc(-c3cc([C@]4(O)C[C@H]5CC[C@@H](C4)O5)nc4c3cnn4C3=NN=CC3)cc2)n[nH]1,derivative
C[C@@H]1COCCN1c1cc(-c2ccc(-c3cc([C@]4(O)C[C@H]5CC[C@@H](C4)O5)nc4c3cnn4C3=NN=CC3)cc2)no1,derivative
C[C@@H]1COCCN1c1cc(-c2ccc(-c3cc([C@]4(O)C[C@H]5CC[C@@H](C4)O5)nc4c3cnn4C3=NN=CC3)cc2)on1,derivative
C[C@@H]1COCCN1c1cc(C2([S@](C)(=N)=O)CC2)nc2c1cnn2C1=NN=CC1,derivative
C[C@@H]1COCCN1c1cc([C@]2(O)C[C@H]3CC[C@@H](C2)O3)nc2c1cnn2C1=NN=CC1,derivative
C[C@@H]1COCCN1c1ccc(-c2cc(-c3cc([C@]4(O)C[C@H]5CC[C@@H](C4)O5)nc4c3cnn4C3=NN=CC3)[nH]n2)cc1,derivative
C[C@@H]1COCCN1c1ccc(-c2cc(-c3cc([C@]4(O)C[C@H]5CC[C@@H](C4)O5)nc4c3cnn4C3=NN=CC3)n[nH]2)cc1,derivative
C[C@@H]1COCCN1c1ccc(-c2cc(-c3cc([C@]4(O)C[C@H]5CC[C@@H](C4)O5)nc4c3cnn4C3=NN=CC3)no2)cc1,derivative
C[C@@H]1COCCN1c1ccc(-c2cc(-c3cc([C@]4(O)C[C@H]5CC[C@@H](C4)O5)nc4c3cnn4C3=NN=CC3)on2)cc1,derivative
C[C@@H]1COCCN1c1ccc(-c2cc(C3([S@](C)(=N)=O)CC3)nc3c2cnn3C2=NN=CC2)cc1,derivative
C[C@@H]1COCCN1c1ccc(-c2cc([C@]3(O)C[C@H]4CC[C@@H](C3)O4)nc3c2cnn3C2=NN=CC2)cc1,derivative
C[C@@H]1COCCN1c1ccc(Nc2cc(C3([S@](C)(=N)=O)CC3)nc3c2cnn3C2=NN=CC2)cc1,derivative
C[C@@H]1COCCN1c1ccc(Nc2cc([C@]3(O)C[C@H]4CC[C@@H](C3)O4)nc3c2cnn3C2=NN=CC2)cc1,derivative
C[C@@H]1COCCN1c1ccc(Oc2cc(C3([S@](C)(=N)=O)CC3)nc3c2cnn3C2=NN=CC2)cc1,derivative
C[C@@H]1COCCN1c1cccc(-c2cc(C3([S@](C)(=N)=O)CC3)nc3c2cnn3C2=NN=CC2)c1N(C)C,derivative
C[C@@H]1COCCN1c1cccc(-c2cc(C3([S@](C)(=N)=O)CC3)nc3c2cnn3C2=NN=CC2)c1N1CCOC[C@H]1C,derivative
C[C@@H]1COCCN1c1cccc(-c2cc([C@]3(O)C[C@H]4CC[C@@H](C3)O4)nc3c2cnn3C2=NN=CC2)c1N(C)C,derivative
C[C@@H]1COCCN1c1cccc(-c2cc([C@]3(O)C[C@H]4CC[C@@H](C3)O4)nc3c2cnn3C2=NN=CC2)c1N1CCOC[C@H]1C,derivative
C[C@@H]1COCCN1c1cccc(-c2cc([C@]3(O)C[C@H]4CC[C@@H](C3)O4)nc3c2cnn3C2=NN=CC2)c1[C@]1(O)C[C@H]2CC[C@@H](C1)O2,derivative
C[C@@H]1COCCN1c1cccc(-c2cnc(C#N)cn2)c1-c1cc(N(C)C)c2cnn(C3=NN=CC3)c2n1,derivative
C[C@@H]1COCCN1c1cccc(-c2cnc(C#N)cn2)c1-c1cc(N(C)C)nc2c1cnn2C1=NN=CC1,derivative
C[C@@H]1COCCN1c1cccc(-c2cncc3[nH]ccc23)c1-c1cc(N(C)C)c2cnn(C3=NN=CC3)c2n1,derivative
C[C@@H]1COCCN1c1cccc(-c2cncc3[nH]ccc23)c1-c1cc(N(C)C)nc2c1cnn2C1=NN=CC1,derivative
C[C@@H]1COCCN1c1cccc(-c2cncc3[nH]ccc23)c1-c1cc(N2CCOC[C@H]2C)c2cnn(C3=NN=CC3)c2n1,derivative
C[C@@H]1COCCN1c1cccc(C2([S@](C)(=N)=O)CC2)c1-c1cc(N(C)C)c2cnn(C3=NN=CC3)c2n1,derivative
C[C@@H]1COCCN1c1cccc(C2([S@](C)(=N)=O)CC2)c1-c1cc(N(C)C)nc2c1cnn2C1=NN=CC1,derivative
C[C@@H]1COCCN1c1cccc(C2([S@](C)(=N)=O)CC2)c1-c1cc(N2CCOC[C@H]2C)c2cnn(C3=NN=CC3)c2n1,derivative
C[C@@H]1COCCN1c1cccc(N(C)C)c1-c1cc(-c2cnc(C#N)cn2)c2cnn(C3=NN=CC3)c2n1,derivative
C[C@@H]1COCCN1c1cccc(N(C)C)c1-c1cc(-c2cnc(C#N)cn2)nc2c1cnn2C1=NN=CC1,derivative
C[C@@H]1COCCN1c1cccc(N(C)C)c1-c1cc(-c2cncc3[nH]ccc23)c2cnn(C3=NN=CC3)c2n1,derivative
C[C@@H]1COCCN1c1cccc(N(C)C)c1-c1cc(-c2cncc3[nH]ccc23)nc2c1cnn2C1=NN=CC1,derivative
C[C@@H]1COCCN1c1cccc(N(C)C)c1-c1cc(C2([S@](C)(=N)=O)CC2)c2cnn(C3=NN=CC3)c2n1,derivative
C[C@@H]1COCCN1c1cccc(N(C)C)c1-c1cc(C2([S@](C)(=N)=O)CC2)nc2c1cnn2C1=NN=CC1,derivative
C[C@@H]1COCCN1c1cccc(N(C)C)c1-c1cc(N(C)C)c2cnn(C3=NN=CC3)c2n1,derivative
C[C@@H]1COCCN1c1cccc(N(C)C)c1-c1cc(N(C)C)nc2c1cnn2C1=NN=CC1,derivative
C[C@@H]1COCCN1c1cccc(N(C)C)c1-c1cc(N2CCOC[C@H]2C)c2cnn(C3=NN=CC3)c2n1,derivative
C[C@@H]1COCCN1c1cccc(N(C)C)c1-c1cc([C@]2(O)C[C@H]3CC[C@@H](C2)O3)c2cnn(C3=NN=CC3)c2n1,derivative
C[C@@H]1COCCN1c1cccc(N(C)C)c1-c1cc([C@]2(O)C[C@H]3CC[C@@H](C2)O3)nc2c1cnn2C1=NN=CC1,derivative
C[C@@H]1COCCN1c1cccc(N2CCOC[C@H]2C)c1-c1cc(-c2cncc3[nH]ccc23)c2cnn(C3=NN=CC3)c2n1,derivative
C[C@@H]1COCCN1c1cccc(N2CCOC[C@H]2C)c1-c1cc(-c2cncc3[nH]ccc23)nc2c1cnn2C1=NN=CC1,derivative
C[C@@H]1COCCN1c1cccc(N2CCOC[C@H]2C)c1-c1cc(C2([S@](C)(=N)=O)CC2)c2cnn(C3=NN=CC3)c2n1,derivative
C[C@@H]1COCCN1c1cccc(N2CCOC[C@H]2C)c1-c1cc(C2([S@](C)(=N)=O)CC2)nc2c1cnn2C1=NN=CC1,derivative
C[C@@H]1COCCN1c1cccc(N2CCOC[C@H]2C)c1-c1cc(N(C)C)c2cnn(C3=NN=CC3)c2n1,derivative
C[C@@H]1COCCN1c1cccc(N2CCOC[C@H]2C)c1-c1cc(N(C)C)nc2c1cnn2C1=NN=CC1,derivative
C[C@@H]1COCCN1c1cccc(N2CCOC[C@H]2C)c1-c1cc(N2CCOC[C@H]2C)c2cnn(C3=NN=CC3)c2n1,derivative
C[C@@H]1COCCN1c1cccc(N2CCOC[C@H]2C)c1-c1cc([C@]2(O)C[C@H]3CC[C@@H](C2)O3)c2cnn(C3=NN=CC3)c2n1,derivative
C[C@@H]1COCCN1c1cccc(N2CCOC[C@H]2C)c1-c1cc([C@]2(O)C[C@H]3CC[C@@H](C2)O3)nc2c1cnn2C1=NN=CC1,derivative
C[C@@H]1COCCN1c1cccc([C@]2(O)C[C@H]3CC[C@@H](C2)O3)c1-c1cc(N(C)C)c2cnn(C3=NN=CC3)c2n1,derivative
C[C@@H]1COCCN1c1cccc([C@]2(O)C[C@H]3CC[C@@H](C2)O3)c1-c1cc(N(C)C)nc2c1cnn2C1=NN=CC1,derivative
C[C@@H]1COCCN1c1cccc([C@]2(O)C[C@H]3CC[C@@H](C2)O3)c1-c1cc(N2CCOC[C@H]2C)c2cnn(C3=NN=CC3)c2n1,derivative
C[C@@H]1COCCN1c1cccc([C@]2(O)C[C@H]3CC[C@@H](C2)O3)c1-c1cc([C@]2(O)C[C@H]3CC[C@@H](C2)O3)c2cnn(C3=NN=CC3)c2n1,derivative
C[C@@H]1COCCN1c1cccc([C@]2(O)C[C@H]3CC[C@@H](C2)O3)c1-c1cc([C@]2(O)C[C@H]3CC[C@@H](C2)O3)nc2c1cnn2C1=NN=CC1,derivative
C[C@H](CN(C)C)Nc1cc(C2([S@](C)(=N)=O)CC2)nc2c1cnn2C1=NN=CC1,derivative
C[C@H](CN(C)C)Nc1cc([C@]2(O)C[C@H]3CC[C@@H](C2)O3)nc2c1cnn2C1=NN=CC1,derivative
C[C@H](CN(C)C)Oc1cc(C2([S@](C)(=N)=O)CC2)nc2c1cnn2C1=NN=CC1,derivative
C[C@H](CN1CCOC[C@H]1C)Nc1cc(C2([S@](C)(=N)=O)CC2)nc2c1cnn2C1=NN=CC1,derivative
C[C@H](CN1CCOC[C@H]1C)Nc1cc([C@]2(O)C[C@H]3CC[C@@H](C2)O3)nc2c1cnn2C1=NN=CC1,derivative
C[C@H](CN1CCOC[C@H]1C)Oc1cc(C2([S@](C)(=N)=O)CC2)nc2c1cnn2C1=NN=CC1,derivative
C[C@H](CNc1cc(C2([S@](C)(=N)=O)CC2)nc2c1cnn2C1=NN=CC1)N(C)C,derivative
C[C@H](CNc1cc(C2([S@](C)(=N)=O)CC2)nc2c1cnn2C1=NN=CC1)N1CCOC[C@H]1C,derivative
C[C@H](CNc1cc([C@]2(O)C[C@H]3CC[C@@H](C2)O3)nc2c1cnn2C1=NN=CC1)N(C)C,derivative
C[C@H](CNc1cc([C@]2(O)C[C@H]3CC[C@@H](C2)O3)nc2c1cnn2C1=NN=CC1)N1CCOC[C@H]1C,derivative
C[C@H](COc1cc(C2([S@](C)(=N)=O)CC2)nc2c1cnn2C1=NN=CC1)N(C)C,derivative
C[S@@](=N)(=O)C1(CNc2cc([C@]3(O)C[C@H]4CC[C@@H](C3)O4)nc3c2cnn3C2=NN=CC2)CC1,derivative
C[S@@](=N)(=O)C1(Nc2cc([C@]3(O)C[C@H]4CC[C@@H](C3)O4)nc3c2cnn3C2=NN=CC2)CC1,derivative
C[S@@](=N)(=O)C1(c2cc(-c3ccc(-c4cncc5[nH]ccc45)cc3)c3cnn(C4=NN=CC4)c3n2)CC1,derivative
C[S@@](=N)(=O)C1(c2cc(-c3ccc([C@]4(O)C[C@H]5CC[C@@H](C4)O5)cc3)c3cnn(C4=NN=CC4)c3n2)CC1,derivative
C[S@@](=N)(=O)C1(c2cc(-c3cncc4[nH]ccc34)c3cnn(C4=NN=CC4)c3n2)CC1,derivative
C[S@@](=N)(=O)C1(c2cc(C3([S@](C)(=N)=O)CC3)c3cnn(C4=NN=CC4)c3n2)CC1,derivative
C[S@@](=N)(=O)C1(c2cc(CNc3cncc4[nH]ccc34)c3cnn(C4=NN=CC4)c3n2)CC1,derivative
C[S@@](=N)(=O)C1(c2cc(COc3cncc4[nH]ccc34)c3cnn(C4=NN=CC4)c3n2)CC1,derivative
C[S@@](=N)(=O)C1(c2cc(NC[C@]3(O)C[C@H]4CC[C@@H](C3)O4)c3cnn(C4=NN=CC4)c3n2)CC1,derivative
C[S@@](=N)(=O)C1(c2cc(NCc3cncc4[nH]ccc34)c3cnn(C4=NN=CC4)c3n2)CC1,derivative
C[S@@](=N)(=O)C1(c2cc(Nc3cncc4[nH]ccc34)c3cnn(C4=NN=CC4)c3n2)CC1,derivative
C[S@@](=N)(=O)C1(c2cc(OC[C@]3(O)C[C@H]4CC[C@@H](C3)O4)c3cnn(C4=NN=CC4)c3n2)CC1,derivative
C[S@@](=N)(=O)C1(c2cc(OCc3cncc4[nH]ccc34)c3cnn(C4=NN=CC4)c3n2)CC1,derivative
C[S@@](=N)(=O)C1(c2cc(Oc3cncc4[nH]ccc34)c3cnn(C4=NN=CC4)c3n2)CC1,derivative
C[S@@](=N)(=O)C1(c2cc([C@]3(O)C[C@H]4CC[C@@H](C3)O4)c3cnn(C4=NN=CC4)c3n2)CC1,derivative
C[S@@](=N)(=O)C1(c2cc([C@]3(O)C[C@H]4CC[C@@H](C3)O4)nc3c2cnn3C2=NN=CC2)CC1,derivative
C[S@@](=N)(=O)C1(c2ccc(-c3cc([C@]4(O)C[C@H]5CC[C@@H](C4)O5)nc4c3cnn4C3=NN=CC3)cc2)CC1,derivative
N#Cc1cnc(-c2cc([C@]3(O)C[C@H]4CC[C@@H](C3)O4)nc3c2cnn3C2=NN=CC2)cn1,derivative
O[C@@]1(CNc2cc([C@]3(O)C[C@H]4CC[C@@H](C3)O4)nc3c2cnn3C2=NN=CC2)C[C@H]2CC[C@@H](C1)O2,derivative
O[C@@]1(c2cc(-c3ccc(-c4cncc5[nH]ccc45)cc3)c3cnn(C4=NN=CC4)c3n2)C[C@H]2CC[C@@H](C1)O2,derivative
O[C@@]1(c2cc(-c3ccc(Nc4cncc5[nH]ccc45)cc3)c3cnn(C4=NN=CC4)c3n2)C[C@H]2CC[C@@H](C1)O2,derivative
O[C@@]1(c2cc(-c3ccc(Oc4cncc5[nH]ccc45)cc3)c3cnn(C4=NN=CC4)c3n2)C[C@H]2CC[C@@H](C1)O2,derivative
O[C@@]1(c2cc(-c3cncc4[nH]ccc34)c3cnn(C4=NN=CC4)c3n2)C[C@H]2CC[C@@H](C1)O2,derivative
O[C@@]1(c2cc(NCc3cncc4[nH]ccc34)c3cnn(C4=NN=CC4)c3n2)C[C@H]2CC[C@@H](C1)O2,derivative
O[C@@]1(c2cc(Nc3ccc(-c4cncc5[nH]ccc45)cc3)c3cnn(C4=NN=CC4)c3n2)C[C@H]2CC[C@@H](C1)O2,derivative
O[C@@]1(c2cc(Nc3cncc4[nH]ccc34)c3cnn(C4=NN=CC4)c3n2)C[C@H]2CC[C@@H](C1)O2,derivative
O[C@@]1(c2cc([C@]3(O)C[C@H]4CC[C@@H](C3)O4)c3cnn(C4=NN=CC4)c3n2)C[C@H]2CC[C@@H](C1)O2,derivative
O[C@@]1(c2ccc(-c3cc([C@]4(O)C[C@H]5CC[C@@H](C4)O5)nc4c3cnn4C3=NN=CC3)cc2)C[C@H]2CC[C@@H](C1)O2,derivative
O[C@@]1(c2ccc(Nc3cc([C@]4(O)C[C@H]5CC[C@@H](C4)O5)nc4c3cnn4C3=NN=CC3)cc2)C[C@H]2CC[C@@H](C1)O2,derivative
